届出日,件名（看板）,建築場所,地上階数,延床面積㎡,着工予定,完成予定,過去3年以内,対応する住宅（マップ）,照合
2026/07/03,長吉長原東第4住宅41号館,大阪市平野区長吉長原東3-12,8,4388.43,2027/03/01,2029/01/31,○,長吉長原東第４住宅,マップの住宅にあり
2026/04/15,今福南第3住宅1号館,大阪市城東区今福南4-8-1,14,15611.28,2027/03/01,2029/07/31,○,今福南第３住宅,マップの住宅にあり・号館も同名あり（建替後の棟が既に一覧に載っている可能性）
2026/02/02,八幡屋第1住宅3号館,大阪市港区八幡屋2,8,6146.93,2026/10/01,2028/04/30,○,八幡屋第１住宅,マップの住宅にあり
2025/08/29,西喜連第2住宅1号館,大阪市平野区喜連西3-19,11,12619.95,2026/03/01,2027/12/31,○,西喜連第２住宅,マップの住宅にあり
2025/07/23,加島住宅15号館,大阪市淀川区加島1,8,2875.38,2026/03/01,2027/09/15,○,加島住宅,マップの住宅にあり
2025/06/10,（仮称）木川第1住宅1号館,大阪市淀川区三国本町1-13,14,7432.31,2026/03/01,2028/04/30,○,木川第１住宅,マップの住宅にあり・号館も同名あり（建替後の棟が既に一覧に載っている可能性）
2025/06/10,（仮称）木川第1住宅2号館,大阪市淀川区三国本町1-13,14,7332.89,2026/03/01,2028/04/30,○,木川第１住宅,マップの住宅にあり・号館も同名あり（建替後の棟が既に一覧に載っている可能性）
2025/05/28,三軒家住宅8号館,大阪市大正区泉尾2,14,5787.6,2026/04/01,2029/01/31,○,三軒家住宅,マップの住宅にあり・号館も同名あり（建替後の棟が既に一覧に載っている可能性）
2025/04/07,（仮称）長橋住宅,大阪市西成区長橋2,12,8555.84,2026/03/01,2028/01/31,○,,住宅名がマップにない
2024/12/03,井高野第3住宅,大阪市東淀川区井高野4,8,6059.15,2025/02/22,2026/08/17,○,井高野第３住宅,マップの住宅にあり
2024/10/02,東淡路住宅3号館,大阪市東淀川区東淡路3,13,9925.05,2025/03/01,2027/01/15,○,東淡路住宅,マップの住宅にあり
2024/09/06,浅香西住宅4号館,大阪市住吉区浅香2-1,9,2254,2025/03/01,2026/09/21,○,浅香西住宅,マップの住宅にあり
2024/08/29,八幡屋第1住宅2号館,大阪市港区八幡屋2-14,10,2500.64,2026/03/01,2027/12/31,○,八幡屋第１住宅,マップの住宅にあり
2024/08/09,鶴町第6住宅2号館,大阪市大正区鶴町4,14,14730.56,2026/04/01,2027/12/31,○,鶴町第６住宅,マップの住宅にあり
2024/05/27,春日出第2住宅1号館,大阪市此花区春日出北3,8,3342.33,2025/03/01,2026/08/31,○,春日出第２住宅,マップの住宅にあり・号館も同名あり（建替後の棟が既に一覧に載っている可能性）
2024/02/28,南方住宅2号館,大阪市東淀川区東中島2,9,4144.52,2025/03/01,2026/10/31,○,南方住宅,マップの住宅にあり・号館も同名あり（建替後の棟が既に一覧に載っている可能性）
2024/02/19,長吉六反東第1住宅5号館,大阪市平野区長吉六反5,9,4225.63,2024/10/01,2026/05/31,○,長吉六反東第１住宅,マップの住宅にあり
2023/11/13,加美神明第2住宅1号館,大阪市平野区加美東2-11,10,8659.42,2024/09/01,2026/05/31,○,加美神明第２住宅,マップの住宅にあり・号館も同名あり（建替後の棟が既に一覧に載っている可能性）
2023/07/27,西喜連第5住宅8号館,大阪市平野区喜連西4,14,17323.95,2024/03/01,2026/06/01,,西喜連第５住宅,マップの住宅にあり
2023/07/11,西三国第2住宅1号館,大阪市淀川区西三国1-6,14,16552.9,2024/03/01,2026/03/19,,西三国第２住宅,マップの住宅にあり・号館も同名あり（建替後の棟が既に一覧に載っている可能性）
2023/06/21,柏里第1住宅1号館,大阪市西淀川区柏里3-17,14,8938.24,2024/03/05,2026/03/30,,,住宅名がマップにない
2023/06/02,茨田大宮第2住宅26号館,大阪市鶴見区茨田大宮4,9,9677.55,2023/09/30,2029/05/30,,茨田大宮第２住宅,マップの住宅にあり・号館も同名あり（建替後の棟が既に一覧に載っている可能性）
2023/05/26,泉尾第4住宅2号館,大阪市大正区泉尾7,14,5885.65,,,,泉尾第４住宅,マップの住宅にあり・号館も同名あり（建替後の棟が既に一覧に載っている可能性）
2023/02/17,鶴町第2住宅2号館,大阪市大正区鶴町1-17,9,6636.38,2024/10/01,2026/04/21,,鶴町第２住宅,マップの住宅にあり
2022/07/29,八幡屋第1住宅1号館,大阪市港区八幡屋2-12,10,6415.32,2023/03/01,2026/02/28,,八幡屋第１住宅,マップの住宅にあり・号館も同名あり（建替後の棟が既に一覧に載っている可能性）
2022/07/28,浪速東住宅1号館,大阪市浪速区浪速東3-10,11,4006.05,2023/04/01,2025/03/31,,浪速東住宅,マップの住宅にあり・号館も同名あり（建替後の棟が既に一覧に載っている可能性）
2022/07/26,長吉六反東第1住宅3・4号館,大阪市平野区長吉六反5,12,12130.31,2023/03/01,2025/06/30,,長吉六反東第１住宅,マップの住宅にあり
2022/07/22,赤川住宅1号館,大阪市旭区赤川1-8-1,13,5676.62,2023/03/31,2025/03/31,,赤川住宅,マップの住宅にあり・号館も同名あり（建替後の棟が既に一覧に載っている可能性）
2022/07/19,池島住宅7号館,大阪市港区池島1-4,10,7570.27,,,,池島住宅,マップの住宅にあり
2022/05/16,西中島第2住宅1号館,大阪市淀川区西中島2-13,14,7267.64,2023/03/01,2025/03/08,,西中島第２住宅,マップの住宅にあり・号館も同名あり（建替後の棟が既に一覧に載っている可能性）
2022/05/09,加島第2住宅1号館,大阪市淀川区加島1-48,9,3241.04,2023/03/01,2024/10/31,,加島第２住宅,マップの住宅にあり・号館も同名あり（建替後の棟が既に一覧に載っている可能性）
2022/03/25,千島住宅1号館,大阪市大正区小林東2-3-1,14,12549.15,2022/09/30,2027/03/31,,千島住宅,マップの住宅にあり・号館も同名あり（建替後の棟が既に一覧に載っている可能性）
2022/02/25,生野東住宅3号館,大阪市生野区生野東1-1,8,2341.51,2022/10/01,2024/04/30,,生野東住宅,マップの住宅にあり・号館も同名あり（建替後の棟が既に一覧に載っている可能性）
2021/11/24,木場第1住宅1号館,大阪市此花区西九条5-3,14,18438.67,2022/05/01,2025/03/31,,木場第１住宅,マップの住宅にあり・号館も同名あり（建替後の棟が既に一覧に載っている可能性）
2021/10/15,東喜連第2住宅2号館,大阪市平野区喜連東3-7,11,21431.69,2022/07/01,2024/08/31,,東喜連第２住宅,マップの住宅にあり・号館も同名あり（建替後の棟が既に一覧に載っている可能性）
2021/10/04,古市住宅1号館,大阪市城東区関目2-18,14,19757.04,2022/03/02,2025/07/27,,古市住宅,マップの住宅にあり
2021/09/09,飛島北住宅1号館（看板の表記）,大阪市東淀川区東中島6-12,10,7556.72,2022/02/26,2023/10/20,,,住宅名がマップにない
2020/09/08,長吉長原東第4住宅40号館,大阪市平野区長吉長原東3,14,13198.4,2021/03/08,2023/01/31,,長吉長原東第４住宅,マップの住宅にあり・号館も同名あり（建替後の棟が既に一覧に載っている可能性）
2020/07/31,鶴町第2住宅1号館,大阪市大正区鶴町1-17,8,7505.21,2021/03/03,2022/08/14,,鶴町第２住宅,マップの住宅にあり・号館も同名あり（建替後の棟が既に一覧に載っている可能性）
2020/06/15,日之出北住宅4号館,大阪市東淀川区,14,6594,2021/03/01,2023/03/30,,日之出北住宅,マップの住宅にあり・号館も同名あり（建替後の棟が既に一覧に載っている可能性）
2020/06/09,新高南住宅1号館,大阪市淀川区新高4-4,14,7828.3,2021/04/01,2023/03/31,,新高南住宅,マップの住宅にあり・号館も同名あり（建替後の棟が既に一覧に載っている可能性）
2020/03/24,高松住宅1号館,大阪市阿倍野区天王寺町北3-2,14,4960.6,2021/09/30,2023/08/06,,高松住宅,マップの住宅にあり・号館も同名あり（建替後の棟が既に一覧に載っている可能性）
2020/03/12,長吉長原東第4住宅39号館,大阪市平野区長吉長原東3,14,24153.2,2020/03/03,2022/09/19,,長吉長原東第４住宅,マップの住宅にあり・号館も同名あり（建替後の棟が既に一覧に載っている可能性）
2020/01/30,酉島住宅23号館,大阪市此花区酉島4,14,8879,2021/02/24,2023/01/31,,酉島住宅,マップの住宅にあり・号館も同名あり（建替後の棟が既に一覧に載っている可能性）
2020/01/08,鶴町住宅3号館,大阪市大正区鶴町4-3,14,6758,2020/10/02,2023/05/18,,鶴町住宅,マップの住宅にあり・号館も同名あり（建替後の棟が既に一覧に載っている可能性）
2019/12/23,鶴町第6住宅1号館,大阪市大正区鶴町4-11,14,6019.84,2021/10/01,2024/09/13,,鶴町第６住宅,マップの住宅にあり・号館も同名あり（建替後の棟が既に一覧に載っている可能性）
2019/12/13,豊崎第2住宅1号館,大阪市北区豊崎7,14,8602.91,,,,,住宅名がマップにない
2019/10/28,木川第2住宅1号館,大阪市淀川区西宮原1-3,14,6674.82,2020/03/01,2022/02/28,,木川第２住宅,マップの住宅にあり・号館も同名あり（建替後の棟が既に一覧に載っている可能性）
2019/10/25,加美東第2住宅4号館,大阪市平野区加美東6,11,9070,2020/03/01,2021/11/30,,加美東第２住宅,マップの住宅にあり・号館も同名あり（建替後の棟が既に一覧に載っている可能性）
