区,PDFのNo.,住宅（団地）,対応づけ,戸数（住棟マスタ）,管理戸数,公営,改良,再開発,特定賃貸,特別賃貸,入居手続中等,募集中,募集準備中,入居募集対象空家_計,入居募集対象外空家,備考
北区,1,扇町住宅,PDFの画像で住宅名を確認,125,125,125,0,0,0,0,2,3,1,6,無,
北区,2,大淀住宅,PDFの画像で住宅名を確認,105,105,105,0,0,0,0,2,5,5,12,無,
北区,3,大淀北住宅,PDFの画像で住宅名を確認,134,134,134,0,0,0,0,1,6,5,12,無,
北区,4,豊崎第１住宅,PDFの画像で住宅名を確認,143,143,143,0,0,0,0,0,0,0,0,有,貸付停止等住宅
北区,5,中津住宅,PDFの画像で住宅名を確認,300,300,300,0,0,0,0,0,0,0,0,有,貸付停止等住宅
北区,6,中津第２住宅,PDFの画像で住宅名を確認,50,50,50,0,0,0,0,3,0,4,7,無,
北区,7,中津第３住宅,PDFの画像で住宅名を確認,34,34,34,0,0,0,0,0,1,0,1,無,
北区,8,長柄第２住宅,PDFの画像で住宅名を確認,63,63,63,0,0,0,0,1,1,1,3,無,
北区,9,長柄中住宅,PDFの画像で住宅名を確認,186,186,186,0,0,0,0,6,6,1,13,有,
北区,10,長柄東住宅,PDFの画像で住宅名を確認,519,519,70,449,0,0,0,6,2,7,15,有,一部貸付停止等住宅
北区,11,長柄東第２住宅,PDFの画像で住宅名を確認,116,116,116,0,0,0,0,1,1,3,5,無,
都島区,1,内代住宅,PDFの画像で住宅名を確認,16,16,16,0,0,0,0,0,0,2,2,無,
都島区,2,内代第２住宅,PDFの画像で住宅名を確認,54,54,54,0,0,0,0,2,0,1,3,無,
都島区,3,毛馬住宅,PDFの画像で住宅名を確認,579,579,579,0,0,0,0,9,11,29,49,有,
都島区,4,毛馬第２住宅,PDFの画像で住宅名を確認,70,70,20,0,50,0,0,1,1,2,4,有,
都島区,5,毛馬西住宅,PDFの画像で住宅名を確認,120,120,120,0,0,0,0,2,6,8,16,無,
都島区,6,毛馬東住宅,PDFの画像で住宅名を確認,182,182,182,0,0,0,0,0,2,10,12,有,一部貸付停止等住宅
都島区,7,毛馬南住宅,PDFの画像で住宅名を確認,29,29,29,0,0,0,0,1,0,1,2,無,
都島区,8,桜宮住宅,PDFの画像で住宅名を確認,103,103,103,0,0,0,0,7,6,2,15,有,
都島区,9,友渕住宅,PDFの画像で住宅名を確認,337,337,337,0,0,0,0,9,9,13,31,有,
都島区,10,都島中通住宅,PDFの画像で住宅名を確認,116,116,116,0,0,0,0,2,3,2,7,無,
都島区,11,都島西住宅,PDFの画像で住宅名を確認,50,50,50,0,0,0,0,1,0,1,2,無,
都島区,12,都島南住宅,PDFの画像で住宅名を確認,40,40,40,0,0,0,0,0,0,0,0,有,貸付停止等住宅
都島区,13,御幸住宅,PDFの画像で住宅名を確認,440,440,351,0,0,89,0,7,9,5,21,有,
此花区,1,春日出住宅,PDFの画像で住宅名を確認,54,54,54,0,0,0,0,2,1,1,4,有,
此花区,2,春日出中住宅,PDFの画像で住宅名を確認,34,34,34,0,0,0,0,0,2,2,4,無,
此花区,3,春日出中第２住宅,PDFの画像で住宅名を確認,54,54,54,0,0,0,0,2,1,0,3,有,
此花区,4,春日出南住宅,PDFの画像で住宅名を確認,40,40,40,0,0,0,0,2,4,3,9,無,
此花区,5,木場住宅,PDFの画像で住宅名を確認,410,100,100,0,0,0,0,0,0,0,0,有,貸付停止等住宅
此花区,6,木場第１住宅,PDFの画像で住宅名を確認,169,169,169,0,0,0,0,0,0,0,0,有,貸付停止等住宅
此花区,7,桜島住宅,PDFの画像で住宅名を確認,109,109,109,0,0,0,0,6,5,7,18,無,
此花区,8,島屋住宅,PDFの画像で住宅名を確認,52,52,52,0,0,0,0,1,2,1,4,無,
此花区,9,島屋第２住宅,PDFの画像で住宅名を確認,70,70,70,0,0,0,0,1,4,7,12,有,
此花区,10,高見住宅,PDFの画像で住宅名を確認,911,911,114,413,0,0,384,14,18,19,51,有,
此花区,11,高見第２住宅,PDFの画像で住宅名を確認,34,34,34,0,0,0,0,0,1,1,2,無,
此花区,12,千鳥橋住宅,PDFの画像で住宅名を確認,210,210,210,0,0,0,0,6,3,4,13,有,
此花区,13,伝法住宅,PDFの画像で住宅名を確認,403,403,403,0,0,0,0,15,6,10,31,有,
此花区,14,酉島住宅,PDFの画像で住宅名を確認,559,559,343,0,216,0,0,5,3,6,14,有,一部事業用住宅
此花区,15,酉島第２住宅,PDFの画像で住宅名を確認,72,72,72,0,0,0,0,2,3,6,11,無,
此花区,16,酉島東住宅,PDFの画像で住宅名を確認,259,259,259,0,0,0,0,9,5,6,20,無,
此花区,17,西九条住宅,PDFの画像で住宅名を確認,18,18,0,0,0,0,18,0,0,0,0,有,
此花区,18,梅香住宅,PDFの画像で住宅名を確認,80,80,80,0,0,0,0,1,2,2,5,有,
此花区,19,秀野西住宅,PDFの画像で住宅名を確認,644,644,644,0,0,0,0,15,18,52,85,有,
中央区,1,上町住宅,PDFの画像で住宅名を確認,222,222,222,0,0,0,0,9,4,7,20,有,
港区,1,池島住宅,PDFの画像で住宅名を確認,878,1007,1007,0,0,0,0,20,10,14,44,有,一部貸付停止等住宅
港区,2,池島南住宅,PDFの画像で住宅名を確認,233,233,232,0,0,0,1,3,7,9,19,有,
港区,3,一条通住宅,PDFの画像で住宅名を確認,104,104,104,0,0,0,0,2,0,4,6,有,
港区,4,田中住宅,PDFの画像で住宅名を確認,84,84,84,0,0,0,0,2,3,5,10,有,
港区,5,築港住宅,PDFの画像で住宅名を確認,224,224,224,0,0,0,0,5,3,8,16,有,一部貸付停止等住宅
港区,6,波除住宅,PDFの画像で住宅名を確認,198,198,198,0,0,0,0,3,2,4,9,有,
港区,7,波除第２住宅,PDFの画像で住宅名を確認,787,787,787,0,0,0,0,16,22,20,58,有,
港区,8,三先住宅,PDFの画像で住宅名を確認,578,578,578,0,0,0,0,0,16,26,42,有,一部貸付停止等住宅
港区,9,八幡屋宝町住宅,PDFの画像で住宅名を確認,107,107,107,0,0,0,0,3,1,6,10,有,
港区,10,八幡屋宝町第２住宅,PDFの画像で住宅名を確認,69,69,69,0,0,0,0,2,0,0,2,有,
港区,11,八幡屋宝町第３住宅,PDFの画像で住宅名を確認,87,87,86,0,0,0,1,6,0,1,7,有,
港区,12,八幡屋第１住宅,PDFの画像で住宅名を確認,136,106,106,0,0,0,0,0,0,0,0,有,貸付停止等住宅
港区,13,八幡屋第２住宅,PDFの画像で住宅名を確認,612,612,612,0,0,0,0,8,18,22,48,有,一部貸付停止等住宅
港区,14,八幡屋第３住宅,PDFの画像で住宅名を確認,50,50,50,0,0,0,0,0,0,4,4,無,
港区,15,八幡屋第４住宅,PDFの画像で住宅名を確認,60,60,60,0,0,0,0,0,0,7,7,有,
大正区,1,泉尾住宅,PDFの画像で住宅名を確認,70,70,70,0,0,0,0,1,2,3,6,有,
大正区,2,泉尾第２住宅,PDFの画像で住宅名を確認,343,343,343,0,0,0,0,0,0,0,0,有,貸付停止等住宅
大正区,3,泉尾第３住宅,PDFの画像で住宅名を確認,220,220,220,0,0,0,0,3,14,23,40,有,
大正区,4,泉尾第４住宅,PDFの画像で住宅名を確認,697,543,138,405,0,0,0,4,2,6,12,有,一部貸付停止等住宅
大正区,5,泉尾第５住宅,PDFの画像で住宅名を確認,167,167,167,0,0,0,0,2,1,2,5,無,
大正区,6,泉尾第６住宅,PDFの画像で住宅名を確認,25,25,0,25,0,0,0,3,1,0,4,無,
大正区,7,大浪住宅,PDFの画像で住宅名を確認,168,124,124,0,0,0,0,5,2,4,11,有,
大正区,8,北村住宅,PDFの画像で住宅名を確認,70,70,70,0,0,0,0,0,2,2,4,無,
大正区,9,小林住宅,PDFの画像で住宅名を確認,419,419,329,0,0,90,0,8,4,8,20,有,
大正区,10,三軒家住宅,PDFの画像で住宅名を確認,374,264,264,0,0,0,0,5,7,12,24,有,
大正区,11,千島住宅,PDFの画像で住宅名を確認,171,171,139,32,0,0,0,0,0,0,0,有,貸付停止等住宅
大正区,12,千島第２住宅,PDFの画像で住宅名を確認,240,240,240,0,0,0,0,0,0,0,0,有,貸付停止等住宅
大正区,13,鶴町住宅,PDFの画像で住宅名を確認,570,570,570,0,0,0,0,11,17,24,52,有,
大正区,14,鶴町第２住宅,PDFの画像で住宅名を確認,306,126,126,0,0,0,0,0,0,0,0,有,貸付停止等住宅
大正区,15,鶴町第３住宅,PDFの画像で住宅名を確認,216,216,216,0,0,0,0,3,10,12,25,有,
大正区,16,鶴町第４住宅,PDFの画像で住宅名を確認,101,101,101,0,0,0,0,2,2,0,4,無,
大正区,17,鶴町第５住宅,PDFの画像で住宅名を確認,200,200,200,0,0,0,0,0,0,0,0,有,貸付停止等住宅
大正区,18,鶴町第６住宅,PDFの画像で住宅名を確認,590,238,238,0,0,0,0,0,0,0,0,有,貸付停止等住宅
大正区,19,鶴町第７住宅,PDFの画像で住宅名を確認,60,60,60,0,0,0,0,0,0,0,0,有,貸付停止等住宅
大正区,20,鶴町第８住宅,PDFの画像で住宅名を確認,111,111,111,0,0,0,0,2,9,7,18,無,
大正区,21,鶴町第９住宅,PDFの画像で住宅名を確認,125,125,125,0,0,0,0,5,4,4,13,有,
天王寺区,1,勝三第１住宅,PDFの画像で住宅名を確認,155,155,155,0,0,0,0,8,5,7,20,無,
天王寺区,2,勝山第１住宅,PDFの画像で住宅名を確認,106,106,106,0,0,0,0,2,2,2,6,無,
天王寺区,3,空清住宅,PDFの画像で住宅名を確認,63,63,63,0,0,0,0,1,2,0,3,有,
天王寺区,4,小宮住宅,PDFの画像で住宅名を確認,182,182,182,0,0,0,0,4,3,3,10,有,
天王寺区,5,堂ヶ芝住宅,PDFの画像で住宅名を確認,151,135,93,0,0,0,42,1,1,1,3,有,
天王寺区,6,筆ヶ崎住宅,PDFの画像で住宅名を確認,278,278,278,0,0,0,0,2,4,5,11,有,
浪速区,1,稲荷住宅,PDFの画像で住宅名を確認,70,70,0,0,0,0,70,0,0,1,1,無,
浪速区,2,大浪橋住宅,PDFの画像で住宅名を確認,225,222,0,222,0,0,0,11,7,10,28,有,
浪速区,3,塩草住宅,PDFの画像で住宅名を確認,106,106,106,0,0,0,0,0,1,3,4,有,
浪速区,4,塩草第２住宅,PDFの画像で住宅名を確認,54,54,54,0,0,0,0,1,0,0,1,無,
浪速区,5,塩草第３住宅,PDFの画像で住宅名を確認,50,50,0,0,0,0,50,1,0,0,1,無,
浪速区,6,敷津東住宅,PDFの画像で住宅名を確認,260,260,260,0,0,0,0,5,3,3,11,有,
浪速区,7,新浪速第１住宅,PDFの画像で住宅名を確認,199,199,199,0,0,0,0,5,6,6,17,有,
浪速区,8,新浪速第２住宅,PDFの画像で住宅名を確認,213,213,213,0,0,0,0,6,3,9,18,無,
浪速区,9,立葉住宅,PDFの画像で住宅名を確認,17,17,17,0,0,0,0,1,0,1,2,有,
浪速区,10,大国住宅,PDFの画像で住宅名を確認,153,153,0,153,0,0,0,1,2,4,7,有,
浪速区,11,大国南住宅,PDFの画像で住宅名を確認,40,40,0,40,0,0,0,0,0,0,0,有,
浪速区,12,浪速第１０住宅,PDFの画像で住宅名を確認,129,129,129,0,0,0,0,5,3,4,12,有,
浪速区,13,浪速第６住宅,PDFの画像で住宅名を確認,230,230,230,0,0,0,0,8,6,16,30,有,
浪速区,14,浪速第７住宅,PDFの画像で住宅名を確認,308,308,308,0,0,0,0,2,2,2,6,有,一部貸付停止等住宅
浪速区,15,浪速第８住宅,PDFの画像で住宅名を確認,123,123,123,0,0,0,0,1,2,1,4,有,一部貸付停止等住宅
浪速区,16,浪速第９住宅,PDFの画像で住宅名を確認,220,220,129,91,0,0,0,3,13,12,28,有,
浪速区,17,浪速西第３住宅,PDFの画像で住宅名を確認,71,71,30,41,0,0,0,1,1,1,3,有,
浪速区,18,浪速東住宅,PDFの画像で住宅名を確認,64,64,64,0,0,0,0,0,0,0,0,有,貸付停止等住宅
浪速区,19,浪速東第２住宅,PDFの画像で住宅名を確認,114,114,0,114,0,0,0,1,2,5,8,有,
浪速区,20,日東住宅,PDFの画像で住宅名を確認,362,362,0,362,0,0,0,6,4,6,16,有,
浪速区,21,日本橋住宅,PDFの画像で住宅名を確認,468,468,0,468,0,0,0,9,7,11,27,有,
浪速区,22,日本橋西住宅,PDFの画像で住宅名を確認,104,104,0,104,0,0,0,0,0,1,1,有,
浪速区,23,西栄住宅,PDFの画像で住宅名を確認,155,155,155,0,0,0,0,3,2,5,10,有,
浪速区,24,にしはま住宅,PDFの画像で住宅名を確認,48,48,48,0,0,0,0,0,0,1,1,無,
浪速区,25,広田住宅,PDFの画像で住宅名を確認,37,37,37,0,0,0,0,0,1,0,1,無,
浪速区,26,宮津住宅,PDFの画像で住宅名を確認,70,70,70,0,0,0,0,0,2,3,5,無,
西淀川区,1,歌島住宅,PDFの画像で住宅名を確認,140,140,140,0,0,0,0,3,2,9,14,有,
西淀川区,2,歌島北住宅,PDFの画像で住宅名を確認,78,78,78,0,0,0,0,1,2,0,3,有,
西淀川区,3,歌島第２住宅,PDFの画像で住宅名を確認,297,297,297,0,0,0,0,4,4,11,19,有,
西淀川区,4,大野住宅,PDFの画像で住宅名を確認,40,40,40,0,0,0,0,2,0,4,6,有,
西淀川区,5,大和田第１住宅,PDFの画像で住宅名を確認,222,222,222,0,0,0,0,10,5,12,27,有,
西淀川区,6,大和田第３住宅,PDFの画像で住宅名を確認,227,227,227,0,0,0,0,5,2,3,10,有,
西淀川区,7,柏里住宅,PDFの画像で住宅名を確認,130,40,40,0,0,0,0,0,0,0,0,有,貸付停止等住宅
西淀川区,8,柏里第２住宅,PDFの画像で住宅名を確認,323,323,274,0,0,49,0,4,3,10,17,有,
西淀川区,9,神崎川住宅,PDFの画像で住宅名を確認,64,64,64,0,0,0,0,2,0,2,4,有,
西淀川区,10,佃住宅,PDFの画像で住宅名を確認,380,380,380,0,0,0,0,8,6,17,31,有,一部貸付停止等住宅
西淀川区,11,佃第２住宅,PDFの画像で住宅名を確認,115,115,0,0,115,0,0,0,0,0,0,有,事業用住宅
西淀川区,12,出来島第２住宅,PDFの画像で住宅名を確認,188,188,188,0,0,0,0,2,4,4,10,有,
西淀川区,13,出来島住宅,PDFの画像で住宅名を確認,172,172,172,0,0,0,0,3,3,9,15,有,
西淀川区,14,中島第２住宅,PDFの画像で住宅名を確認,16,16,16,0,0,0,0,0,1,0,1,無,
西淀川区,15,中島第３住宅,PDFの画像で住宅名を確認,20,20,20,0,0,0,0,2,3,3,8,無,
西淀川区,16,姫里住宅,PDFの画像で住宅名を確認,28,28,28,0,0,0,0,1,1,0,2,無,
西淀川区,17,姫島住宅,PDFの画像で住宅名を確認,122,122,122,0,0,0,0,3,4,3,10,有,
西淀川区,18,姫島第１住宅,PDFの画像で住宅名を確認,38,38,38,0,0,0,0,1,1,0,2,無,
西淀川区,19,姫島第３住宅,PDFの画像で住宅名を確認,112,112,112,0,0,0,0,5,3,7,15,無,
西淀川区,20,福第２住宅,PDFの画像で住宅名を確認,46,46,28,18,0,0,0,0,1,0,1,有,一部貸付停止等住宅
西淀川区,21,御幣島住宅,PDFの画像で住宅名を確認,346,346,346,0,0,0,0,5,10,21,36,有,
西淀川区,22,御幣島西住宅,PDFの画像で住宅名を確認,40,40,40,0,0,0,0,1,2,1,4,無,
西淀川区,23,御幣島東住宅,PDFの画像で住宅名を確認,223,223,223,0,0,0,0,6,4,6,16,有,
淀川区,1,加島住宅,PDFの画像で住宅名を確認,142,106,66,40,0,0,0,4,0,5,9,無,
淀川区,2,加島北住宅,PDFの画像で住宅名を確認,28,28,28,0,0,0,0,0,1,0,1,有,
淀川区,3,加島第２住宅,PDFの画像で住宅名を確認,52,52,52,0,0,0,0,0,0,0,0,有,貸付停止等住宅
淀川区,4,加島中住宅,PDFの画像で住宅名を確認,225,225,225,0,0,0,0,0,0,2,2,有,一部貸付停止等住宅
淀川区,5,加島東住宅,PDFの画像で住宅名を確認,126,126,126,0,0,0,0,5,1,2,8,有,
淀川区,6,加島南第２住宅,PDFの画像で住宅名を確認,350,350,350,0,0,0,0,8,5,20,33,有,
淀川区,7,加島南第３住宅,PDFの画像で住宅名を確認,127,127,126,0,0,0,1,6,3,4,13,有,
淀川区,8,加島南第４住宅,PDFの画像で住宅名を確認,137,137,137,0,0,0,0,5,1,9,15,有,
淀川区,9,神崎橋住宅,PDFの画像で住宅名を確認,131,131,131,0,0,0,0,6,3,3,12,有,
淀川区,10,木川第１住宅,PDFの画像で住宅名を確認,568,330,330,0,0,0,0,0,0,0,0,有,貸付停止等住宅
淀川区,11,木川第２住宅,PDFの画像で住宅名を確認,110,110,110,0,0,0,0,0,2,0,2,有,
淀川区,12,木川第３住宅,PDFの画像で住宅名を確認,162,162,162,0,0,0,0,6,2,2,10,有,
淀川区,13,木川第４住宅,PDFの画像で住宅名を確認,608,608,608,0,0,0,0,0,0,0,0,有,貸付停止等住宅
淀川区,14,木川第５住宅,PDFの画像で住宅名を確認,96,96,96,0,0,0,0,1,2,1,4,有,
淀川区,15,木川西第１住宅,PDFの画像で住宅名を確認,40,40,40,0,0,0,0,2,1,1,4,無,
淀川区,16,木川西第２住宅,PDFの画像で住宅名を確認,20,20,20,0,0,0,0,0,0,0,0,無,
淀川区,17,木川東第１住宅,PDFの画像で住宅名を確認,30,30,30,0,0,0,0,2,0,1,3,無,
淀川区,18,木川東第２住宅,PDFの画像で住宅名を確認,30,30,30,0,0,0,0,0,0,1,1,無,
淀川区,19,新三国住宅,PDFの画像で住宅名を確認,323,323,212,0,110,0,1,7,3,2,12,有,一部貸付停止等住宅
淀川区,20,田川北住宅,PDFの画像で住宅名を確認,35,35,35,0,0,0,0,0,0,1,1,有,
淀川区,21,新高住宅,PDFの画像で住宅名を確認,70,70,70,0,0,0,0,0,1,1,2,無,
淀川区,22,新高南住宅,PDFの画像で住宅名を確認,132,132,132,0,0,0,0,0,0,0,0,有,貸付停止等住宅
淀川区,23,西中島住宅,PDFの画像で住宅名を確認,72,72,72,0,0,0,0,0,2,1,3,無,
淀川区,24,西中島第２住宅,PDFの画像で住宅名を確認,66,128,128,0,0,0,0,0,0,0,0,有,一部貸付停止等住宅
淀川区,25,西三国住宅,PDFの画像で住宅名を確認,146,146,146,0,0,0,0,2,1,3,6,有,
淀川区,26,西三国第２住宅,PDFの画像で住宅名を確認,140,277,277,0,0,0,0,0,0,0,0,有,貸付停止等住宅
淀川区,27,西宮原住宅,PDFの画像で住宅名を確認,137,137,137,0,0,0,0,0,12,4,16,有,
淀川区,28,野中北住宅,PDFの画像で住宅名を確認,220,220,220,0,0,0,0,7,5,3,15,無,
淀川区,29,東三国住宅,PDFの画像で住宅名を確認,538,538,538,0,0,0,0,11,10,13,34,有,
淀川区,30,三国南住宅,PDFの画像で住宅名を確認,82,82,82,0,0,0,0,0,2,0,2,有,
淀川区,31,三津屋住宅,PDFの画像で住宅名を確認,92,92,92,0,0,0,0,1,1,2,4,有,
東淀川区,1,相川住宅,PDFの画像で住宅名を確認,110,110,110,0,0,0,0,1,15,5,21,無,
東淀川区,2,飛鳥住宅,PDFの画像で住宅名を確認,253,292,91,201,0,0,0,0,0,0,0,有,貸付停止等住宅
東淀川区,3,飛鳥西住宅,PDFの画像で住宅名を確認,302,302,0,302,0,0,0,0,0,0,0,有,貸付停止等住宅
東淀川区,4,淡路住宅,PDFの画像で住宅名を確認,126,126,126,0,0,0,0,2,2,3,7,無,
東淀川区,5,淡路第１住宅,PDFの画像で住宅名を確認,48,48,48,0,0,0,0,0,1,0,1,有,
東淀川区,6,淡路第２住宅,PDFの画像で住宅名を確認,12,12,12,0,0,0,0,0,0,0,0,無,
東淀川区,7,淡路第３住宅,PDFの画像で住宅名を確認,53,53,53,0,0,0,0,1,1,0,2,有,
東淀川区,8,淡路本町住宅,PDFの画像で住宅名を確認,90,90,90,0,0,0,0,0,0,0,0,有,貸付停止等住宅
東淀川区,9,井高野住宅,PDFの画像で住宅名を確認,551,551,172,0,0,174,205,16,116,21,153,有,
東淀川区,10,井高野第２住宅,PDFの画像で住宅名を確認,180,180,180,0,0,0,0,8,8,4,20,有,
東淀川区,11,井高野第３住宅,PDFの画像で住宅名を確認,330,140,140,0,0,0,0,0,0,0,0,有,貸付停止等住宅
東淀川区,12,井高野第４住宅,PDFの画像で住宅名を確認,166,298,298,0,0,0,0,2,3,5,10,有,
東淀川区,13,井高野第５住宅,PDFの画像で住宅名を確認,644,644,644,0,0,0,0,22,133,27,182,有,
東淀川区,14,井高野第６住宅,PDFの画像で住宅名を確認,756,1059,774,0,0,0,285,24,147,19,190,有,
東淀川区,15,上新庄住宅,PDFの画像で住宅名を確認,102,70,70,0,0,0,0,0,0,0,0,有,貸付停止等住宅
東淀川区,16,上新庄第１住宅,PDFの画像で住宅名を確認,41,75,75,0,0,0,0,0,0,0,0,有,貸付停止等住宅
東淀川区,17,北江口住宅,PDFの画像で住宅名を確認,167,167,167,0,0,0,0,5,2,6,13,有,
東淀川区,18,北江口第２住宅,PDFの画像で住宅名を確認,1400,1400,1400,0,0,0,0,6,141,52,199,有,
東淀川区,19,北江口第３住宅,PDFの画像で住宅名を確認,146,146,146,0,0,0,0,4,28,7,39,有,
東淀川区,20,北大桐住宅,PDFの画像で住宅名を確認,240,240,240,0,0,0,0,5,6,10,21,有,
東淀川区,21,小松住宅,PDFの画像で住宅名を確認,200,200,200,0,0,0,0,8,5,11,24,有,
東淀川区,22,小松南住宅,PDFの画像で住宅名を確認,100,179,179,0,0,0,0,6,1,0,7,有,
東淀川区,23,下新庄住宅,PDFの画像で住宅名を確認,170,170,170,0,0,0,0,0,0,0,0,有,貸付停止等住宅
東淀川区,24,下新庄４丁目住宅,PDFの画像で住宅名を確認,252,252,252,0,0,0,0,6,5,6,17,有,
東淀川区,25,下新庄第２住宅,PDFの画像で住宅名を確認,90,90,90,0,0,0,0,1,1,2,4,有,
東淀川区,26,菅原住宅,PDFの画像で住宅名を確認,50,50,50,0,0,0,0,0,1,2,3,無,
東淀川区,27,菅原第２住宅,PDFの画像で住宅名を確認,130,130,130,0,0,0,0,4,1,4,9,無,
東淀川区,28,菅原第３住宅,PDFの画像で住宅名を確認,125,125,125,0,0,0,0,7,3,5,15,有,
東淀川区,29,瑞光住宅,PDFの画像で住宅名を確認,310,310,310,0,0,0,0,9,10,10,29,有,
東淀川区,30,瑞光寺住宅,PDFの画像で住宅名を確認,90,90,90,0,0,0,0,3,1,4,8,有,
東淀川区,31,瑞光第２住宅,PDFの画像で住宅名を確認,65,65,65,0,0,0,0,2,6,1,9,有,
東淀川区,32,崇禅寺住宅,PDFの画像で住宅名を確認,262,262,262,0,0,0,0,8,9,9,26,有,
東淀川区,33,大桐住宅,PDFの画像で住宅名を確認,405,405,405,0,0,0,0,11,21,6,38,有,
東淀川区,34,大道南住宅,PDFの画像で住宅名を確認,348,348,348,0,0,0,0,7,8,11,26,有,
東淀川区,35,豊里住宅,PDFの画像で住宅名を確認,562,562,562,0,0,0,0,16,19,31,66,有,
東淀川区,36,豊里第２住宅,PDFの画像で住宅名を確認,237,237,237,0,0,0,0,10,6,2,18,有,
東淀川区,37,西淡路住宅,PDFの画像で住宅名を確認,176,176,176,0,0,0,0,4,5,5,14,有,
東淀川区,38,西大道第３住宅,PDFの画像で住宅名を確認,114,114,114,0,0,0,0,0,0,0,0,有,貸付停止等住宅
東淀川区,39,東淡路住宅,PDFの画像で住宅名を確認,253,193,193,0,0,0,0,3,4,3,10,有,
東淀川区,40,東淡路第２住宅,PDFの画像で住宅名を確認,535,535,535,0,0,0,0,20,5,10,35,有,
東淀川区,41,東淡路第３住宅,PDFの画像で住宅名を確認,80,80,0,0,80,0,0,0,0,0,0,有,貸付停止等住宅
東淀川区,42,東中島住宅,PDFの画像で住宅名を確認,0,36,36,0,0,0,0,0,0,1,1,有,
東淀川区,43,東中島北住宅,PDFの画像で住宅名を確認,129,129,129,0,0,0,0,0,0,0,0,有,貸付停止等住宅
東淀川区,44,日之出住宅,PDFの画像で住宅名を確認,308,128,128,0,0,0,0,1,1,0,2,有,一部貸付停止等住宅
東淀川区,45,日之出北住宅,PDFの画像で住宅名を確認,353,353,353,0,0,0,0,6,4,4,14,有,
東淀川区,46,日之出第４住宅,PDFの画像で住宅名を確認,32,32,0,32,0,0,0,0,0,0,0,有,
東淀川区,47,豊新住宅,PDFの画像で住宅名を確認,128,128,128,0,0,0,0,5,3,1,9,無,
東淀川区,48,北陽住宅,PDFの画像で住宅名を確認,421,421,421,0,0,0,0,6,7,23,36,有,
東淀川区,49,北陽第２住宅,PDFの画像で住宅名を確認,39,39,39,0,0,0,0,0,1,3,4,無,
東淀川区,50,南江口住宅,PDFの画像で住宅名を確認,212,212,212,0,0,0,0,7,34,4,45,有,
東淀川区,51,南江口第１住宅,PDFの画像で住宅名を確認,440,428,428,0,0,0,0,6,13,10,29,有,
東淀川区,52,南江口第２住宅,PDFの画像で住宅名を確認,732,732,562,0,0,170,0,6,111,28,145,有,
東淀川区,53,南江口第５住宅,PDFの画像で住宅名を確認,300,300,300,0,0,0,0,0,0,0,0,有,貸付停止等住宅
東淀川区,54,南方住宅,PDFの画像で住宅名を確認,376,341,341,0,0,0,0,4,0,1,5,有,一部貸付停止等住宅
東淀川区,55,南大道第２住宅,PDFの画像で住宅名を確認,120,120,120,0,0,0,0,5,20,8,33,無,
東成区,1,西今里住宅,PDFの画像で住宅名を確認,83,83,82,0,0,0,1,4,1,0,5,有,
生野区,1,生野東住宅,PDFの画像で住宅名を確認,507,394,0,154,240,0,0,0,0,0,0,有,貸付停止等住宅
生野区,2,勝山南住宅,PDFの画像で住宅名を確認,50,50,0,0,50,0,0,0,0,0,0,有,貸付停止等住宅
生野区,3,田島住宅,PDFの画像で住宅名を確認,131,131,131,0,0,0,0,2,4,5,11,無,
生野区,4,巽住宅,PDFの画像で住宅名を確認,169,169,169,0,0,0,0,2,7,6,15,無,
生野区,5,巽伊賀住宅,PDFの画像で住宅名を確認,88,88,88,0,0,0,0,0,4,3,7,無,
生野区,6,巽北住宅,PDFの画像で住宅名を確認,24,24,24,0,0,0,0,2,0,0,2,無,
旭区,1,赤川住宅,PDFの画像で住宅名を確認,92,92,92,0,0,0,0,0,0,0,0,有,貸付停止等住宅
旭区,2,赤川西住宅,PDFの画像で住宅名を確認,56,56,56,0,0,0,0,2,0,1,3,無,
旭区,3,生江住宅,PDFの画像で住宅名を確認,301,83,0,83,0,0,0,3,3,2,8,有,
旭区,4,今市住宅,PDFの画像で住宅名を確認,81,81,81,0,0,0,0,2,3,2,7,有,
旭区,5,大宮住宅,PDFの画像で住宅名を確認,125,125,125,0,0,0,0,3,5,5,13,有,
旭区,6,清水住宅,PDFの画像で住宅名を確認,165,165,165,0,0,0,0,5,2,0,7,有,
旭区,7,城北住宅,PDFの画像で住宅名を確認,773,773,772,0,0,0,1,18,14,55,87,有,
旭区,8,城北中宮住宅,PDFの画像で住宅名を確認,57,57,57,0,0,0,0,2,2,0,4,有,
旭区,9,新生江住宅,PDFの画像で住宅名を確認,241,241,241,0,0,0,0,7,5,5,17,有,
旭区,10,新森住宅,PDFの画像で住宅名を確認,90,90,90,0,0,0,0,8,2,4,14,無,
旭区,11,太子橋住宅,PDFの画像で住宅名を確認,14,14,14,0,0,0,0,1,1,0,2,無,
旭区,12,高殿住宅,PDFの画像で住宅名を確認,281,281,281,0,0,0,0,10,12,16,38,有,
旭区,13,高殿北住宅,PDFの画像で住宅名を確認,156,156,156,0,0,0,0,5,2,5,12,有,
旭区,14,高殿西住宅,PDFの画像で住宅名を確認,502,502,387,0,0,115,0,14,17,19,50,有,
旭区,15,高殿西第２住宅,PDFの画像で住宅名を確認,38,38,38,0,0,0,0,0,0,1,1,無,
旭区,16,高殿西第３住宅,PDFの画像で住宅名を確認,24,24,24,0,0,0,0,0,2,2,4,無,
旭区,17,高殿西第４住宅,PDFの画像で住宅名を確認,75,75,75,0,0,0,0,2,1,0,3,無,
旭区,18,高殿南住宅,PDFの画像で住宅名を確認,45,45,0,0,0,45,0,1,8,1,10,無,
旭区,19,中宮第２住宅,PDFの画像で住宅名を確認,169,169,169,0,0,0,0,0,0,0,0,有,貸付停止等住宅
旭区,20,橋寺住宅,PDFの画像で住宅名を確認,130,130,130,0,0,0,0,3,1,4,8,有,
旭区,21,両国住宅,PDFの画像で住宅名を確認,78,78,53,25,0,0,0,3,2,2,7,無,
城東区,1,今福北住宅,PDFの画像で住宅名を確認,190,190,190,0,0,0,0,0,0,0,0,有,貸付停止等住宅
城東区,2,今福中住宅,PDFの画像で住宅名を確認,308,308,308,0,0,0,0,0,0,0,0,有,貸付停止等住宅
城東区,3,今福中第２住宅,PDFの画像で住宅名を確認,164,164,164,0,0,0,0,0,0,0,0,有,貸付停止等住宅
城東区,4,今福南住宅,PDFの画像で住宅名を確認,792,792,792,0,0,0,0,10,27,37,74,有,
城東区,5,今福南第２住宅,PDFの画像で住宅名を確認,254,254,254,0,0,0,0,6,12,11,29,有,
城東区,6,今福南第３住宅,PDFの画像で住宅名を確認,377,377,377,0,0,0,0,9,8,4,21,有,一部貸付停止等住宅
城東区,7,鴫野住宅,PDFの画像で住宅名を確認,502,502,502,0,0,0,0,18,1,13,32,有,
城東区,8,鴫野第２住宅,PDFの画像で住宅名を確認,338,338,132,0,0,206,0,2,1,1,4,有,
城東区,9,鴫野西住宅,PDFの画像で住宅名を確認,20,20,20,0,0,0,0,0,1,2,3,無,
城東区,10,すみれ住宅,PDFの画像で住宅名を確認,360,360,360,0,0,0,0,0,1,0,1,有,一部貸付停止等住宅
城東区,11,すみれ北住宅,PDFの画像で住宅名を確認,70,70,70,0,0,0,0,0,0,0,0,有,貸付停止等住宅
城東区,12,諏訪住宅,PDFの画像で住宅名を確認,110,110,110,0,0,0,0,4,3,1,8,有,
城東区,13,関目住宅,PDFの画像で住宅名を確認,60,60,60,0,0,0,0,1,0,3,4,有,
城東区,14,中浜住宅,PDFの画像で住宅名を確認,30,30,30,0,0,0,0,1,0,0,1,無,
城東区,15,野江住宅,PDFの画像で住宅名を確認,118,118,118,0,0,0,0,2,1,1,4,無,
城東区,16,野江北住宅,PDFの画像で住宅名を確認,29,29,29,0,0,0,0,0,0,1,1,無,
城東区,17,野江第２住宅,PDFの画像で住宅名を確認,197,197,196,0,0,0,1,4,3,3,10,有,
城東区,18,放出西住宅,PDFの画像で住宅名を確認,424,424,424,0,0,0,0,11,7,7,25,有,
城東区,19,古市住宅,PDFの画像で住宅名を確認,256,256,256,0,0,0,0,0,0,0,0,有,貸付停止等住宅
城東区,20,古市北住宅,PDFの画像で住宅名を確認,73,73,73,0,0,0,0,1,4,1,6,有,
城東区,21,古市北第２住宅,PDFの画像で住宅名を確認,30,30,0,0,0,30,0,3,1,0,4,有,
城東区,22,古市第２住宅,PDFの画像で住宅名を確認,62,62,62,0,0,0,0,2,2,1,5,有,
城東区,23,古市中第３住宅,PDFの画像で住宅名を確認,105,105,105,0,0,0,0,0,0,0,0,有,貸付停止等住宅
城東区,24,古市東住宅,PDFの画像で住宅名を確認,844,844,844,0,0,0,0,22,8,12,42,有,
城東区,25,古市南住宅,PDFの画像で住宅名を確認,197,197,197,0,0,0,0,2,1,7,10,有,
城東区,26,古市南第２住宅,PDFの画像で住宅名を確認,124,124,124,0,0,0,0,2,4,0,6,無,
城東区,27,古市南第３住宅,PDFの画像で住宅名を確認,30,30,0,0,0,30,0,1,0,0,1,無,
鶴見区,1,今津北住宅,PDFの画像で住宅名を確認,149,149,149,0,0,0,0,5,0,4,9,有,
鶴見区,2,今津中住宅,PDFの画像で住宅名を確認,349,349,349,0,0,0,0,6,5,13,24,無,
鶴見区,3,鶴見住宅,PDFの画像で住宅名を確認,621,621,621,0,0,0,0,12,20,32,64,有,
鶴見区,4,鶴見北住宅,PDFの画像で住宅名を確認,579,579,534,0,0,45,0,11,11,16,38,有,
鶴見区,5,鶴見第２住宅,PDFの画像で住宅名を確認,367,367,367,0,0,0,0,10,9,23,42,有,
鶴見区,6,徳庵住宅,PDFの画像で住宅名を確認,132,132,132,0,0,0,0,4,9,7,20,有,
鶴見区,7,中茶屋住宅,PDFの画像で住宅名を確認,110,110,110,0,0,0,0,6,10,5,21,有,
鶴見区,8,放出東住宅,PDFの画像で住宅名を確認,466,466,356,0,0,110,0,12,5,9,26,有,
鶴見区,9,茨田大宮住宅,PDFの画像で住宅名を確認,291,291,0,0,0,0,291,4,27,6,37,有,
鶴見区,10,茨田大宮第１住宅,PDFの画像で住宅名を確認,467,467,467,0,0,0,0,15,12,10,37,有,
鶴見区,11,茨田大宮第２住宅,PDFの画像で住宅名を確認,1051,971,971,0,0,0,0,9,24,38,71,有,一部貸付停止等住宅
鶴見区,12,茨田大宮第３住宅,PDFの画像で住宅名を確認,530,530,529,0,0,0,1,23,16,35,74,有,
鶴見区,13,茨田大宮西住宅,PDFの画像で住宅名を確認,104,104,104,0,0,0,0,2,2,0,4,無,
鶴見区,14,茨田南住宅,PDFの画像で住宅名を確認,735,735,735,0,0,0,0,20,35,38,93,有,
鶴見区,15,茨田諸口西住宅,PDFの画像で住宅名を確認,201,201,201,0,0,0,0,7,6,13,26,有,
鶴見区,16,茨田諸口東住宅,PDFの画像で住宅名を確認,35,35,35,0,0,0,0,2,10,0,12,無,
鶴見区,17,緑住宅,PDFの画像で住宅名を確認,175,175,175,0,0,0,0,2,5,6,13,有,
鶴見区,18,諸口住宅,PDFの画像で住宅名を確認,268,268,138,0,0,0,130,8,14,8,30,有,
鶴見区,19,諸口北住宅,PDFの画像で住宅名を確認,495,495,495,0,0,0,0,5,8,9,22,有,一部貸付停止等住宅
鶴見区,20,諸口第２住宅,PDFの画像で住宅名を確認,82,82,82,0,0,0,0,1,2,2,5,無,
鶴見区,21,諸口南住宅,PDFの画像で住宅名を確認,610,610,610,0,0,0,0,10,23,49,82,有,
鶴見区,22,焼野住宅,PDFの画像で住宅名を確認,329,329,329,0,0,0,0,9,8,10,27,有,
鶴見区,23,横堤住宅,PDFの画像で住宅名を確認,124,124,124,0,0,0,0,5,0,0,5,有,一部貸付停止等住宅
鶴見区,24,横堤北住宅,PDFの画像で住宅名を確認,244,244,244,0,0,0,0,10,4,8,22,有,
鶴見区,25,横堤第１住宅,PDFの画像で住宅名を確認,179,179,179,0,0,0,0,4,4,7,15,有,
鶴見区,26,横堤第２住宅,PDFの画像で住宅名を確認,202,202,202,0,0,0,0,4,6,9,19,有,
阿倍野区,1,阿倍野第１住宅,PDFの画像で住宅名を確認,157,157,0,0,157,0,0,0,0,4,4,有,
阿倍野区,2,阿倍野第２住宅,PDFの画像で住宅名を確認,174,174,0,0,174,0,0,4,0,2,6,有,
阿倍野区,3,阿倍野第３住宅,PDFの画像で住宅名を確認,96,96,0,0,96,0,0,2,1,1,4,有,
阿倍野区,4,阿倍野第４住宅,PDFの画像で住宅名を確認,130,130,0,0,130,0,0,1,0,3,4,有,
阿倍野区,5,北畠住宅,PDFの画像で住宅名を確認,65,65,65,0,0,0,0,1,1,3,5,有,
阿倍野区,6,北畠第１住宅,PDFの画像で住宅名を確認,38,38,38,0,0,0,0,1,2,1,4,無,
阿倍野区,7,北畠第２住宅,PDFの画像で住宅名を確認,24,24,24,0,0,0,0,0,0,0,0,無,
阿倍野区,8,三明住宅,PDFの画像で住宅名を確認,43,43,0,0,0,0,43,1,0,0,1,無,
阿倍野区,9,高松住宅,PDFの画像で住宅名を確認,337,337,337,0,0,0,0,2,9,7,18,有,
阿倍野区,10,帝塚山住宅,PDFの画像で住宅名を確認,55,55,55,0,0,0,0,2,1,3,6,無,
阿倍野区,11,松崎第１住宅,PDFの画像で住宅名を確認,179,179,178,0,0,0,1,4,3,4,11,無,
阿倍野区,12,松崎第２住宅,PDFの画像で住宅名を確認,229,229,0,0,229,0,0,0,0,0,0,有,事業用住宅
住之江区,1,北加賀屋住宅,PDFの画像で住宅名を確認,22,22,12,0,0,0,10,3,0,1,4,有,
住之江区,2,北加賀屋第５住宅,PDFの画像で住宅名を確認,158,158,158,0,0,0,0,2,2,6,10,有,
住之江区,3,敷津浦住宅,PDFの画像で住宅名を確認,153,153,153,0,0,0,0,4,3,3,10,有,
住之江区,4,敷津浦第２住宅,PDFの画像で住宅名を確認,96,96,95,0,0,0,1,2,1,0,3,無,
住之江区,5,柴谷住宅,PDFの画像で住宅名を確認,446,446,446,0,0,0,0,10,10,14,34,有,
住之江区,6,新北島住宅,PDFの画像で住宅名を確認,1123,1123,1123,0,0,0,0,35,59,62,156,有,
住之江区,7,新北島第２住宅,PDFの画像で住宅名を確認,72,72,72,0,0,0,0,0,4,3,7,無,
住之江区,8,住之江住宅,PDFの画像で住宅名を確認,99,99,99,0,0,0,0,3,1,4,8,無,
住之江区,9,中加賀屋住宅,PDFの画像で住宅名を確認,1180,1180,923,0,0,149,108,27,18,21,66,有,
住之江区,10,南港住宅,PDFの画像で住宅名を確認,390,390,390,0,0,0,0,0,0,0,0,有,貸付停止等住宅
住之江区,11,南港中住宅,PDFの画像で住宅名を確認,2094,2094,2094,0,0,0,0,26,345,84,455,有,
住之江区,12,西住之江住宅,PDFの画像で住宅名を確認,270,270,270,0,0,0,0,7,13,16,36,有,
住之江区,13,東加賀屋住宅,PDFの画像で住宅名を確認,398,398,398,0,0,0,0,15,11,15,41,有,
住之江区,14,平林南住宅,PDFの画像で住宅名を確認,213,209,209,0,0,0,0,4,9,13,26,有,
住之江区,15,平林南第２住宅,PDFの画像で住宅名を確認,168,168,168,0,0,0,0,2,25,13,40,有,
住之江区,16,平林南第３住宅,PDFの画像で住宅名を確認,103,103,103,0,0,0,0,0,10,6,16,有,
住之江区,17,御崎住宅,PDFの画像で住宅名を確認,779,779,650,0,0,129,0,19,10,16,45,有,
住之江区,18,御崎第２住宅,PDFの画像で住宅名を確認,56,56,56,0,0,0,0,0,0,1,1,有,
住之江区,19,緑木住宅,PDFの画像で住宅名を確認,291,291,291,0,0,0,0,11,20,16,47,有,
住之江区,20,緑木第２住宅,PDFの画像で住宅名を確認,66,66,66,0,0,0,0,0,0,15,15,有,
住之江区,21,大和川住宅,PDFの画像で住宅名を確認,880,880,820,0,0,60,0,8,193,31,232,有,
住吉区,1,浅香住宅,PDFの画像で住宅名を確認,115,56,56,0,0,0,0,0,0,0,0,有,貸付停止等住宅
住吉区,2,浅香第２住宅,PDFの画像で住宅名を確認,56,56,20,36,0,0,0,0,0,0,0,有,貸付停止等住宅
住吉区,3,浅香第３住宅,PDFの画像で住宅名を確認,56,56,0,56,0,0,0,0,0,0,0,有,貸付停止等住宅
住吉区,4,浅香中住宅,PDFの画像で住宅名を確認,48,48,0,48,0,0,0,0,1,0,1,無,
住吉区,5,浅香西住宅,PDFの画像で住宅名を確認,189,133,133,0,0,0,0,8,3,5,16,有,
住吉区,6,浅香南住宅,PDFの画像で住宅名を確認,114,114,0,114,0,0,0,2,29,17,48,有,一部貸付停止等住宅
住吉区,7,我孫子住宅,PDFの画像で住宅名を確認,63,63,63,0,0,0,0,2,2,3,7,有,
住吉区,8,我孫子第２住宅,PDFの画像で住宅名を確認,398,398,357,0,0,0,41,8,9,16,33,有,
住吉区,9,我孫子第３住宅,PDFの画像で住宅名を確認,56,56,56,0,0,0,0,0,2,1,3,無,
住吉区,10,我孫子西住宅,PDFの画像で住宅名を確認,459,459,459,0,0,0,0,10,8,17,35,有,
住吉区,11,我孫子東第６住宅,PDFの画像で住宅名を確認,175,175,175,0,0,0,0,3,3,1,7,有,
住吉区,12,我孫子東第７住宅,PDFの画像で住宅名を確認,610,610,444,0,0,0,166,11,9,14,34,有,
住吉区,13,我孫子南住宅,PDFの画像で住宅名を確認,742,742,296,0,0,0,446,12,42,9,63,有,
住吉区,14,上住吉住宅,PDFの画像で住宅名を確認,90,90,90,0,0,0,0,0,5,8,13,有,
住吉区,15,遠里小野住宅,PDFの画像で住宅名を確認,308,308,248,0,0,0,60,4,26,14,44,有,
住吉区,16,遠里小野第２住宅,PDFの画像で住宅名を確認,112,112,112,0,0,0,0,3,6,3,12,無,
住吉区,17,苅田住宅,PDFの画像で住宅名を確認,59,59,59,0,0,0,0,0,0,2,2,有,
住吉区,18,苅田北住宅,PDFの画像で住宅名を確認,529,529,529,0,0,0,0,11,8,13,32,有,
住吉区,19,苅田南住宅,PDFの画像で住宅名を確認,53,248,248,0,0,0,0,7,2,5,14,無,
住吉区,20,清水丘住宅,PDFの画像で住宅名を確認,133,133,133,0,0,0,0,7,2,4,13,有,
住吉区,21,杉本住宅,PDFの画像で住宅名を確認,66,66,66,0,0,0,0,0,1,0,1,有,
住吉区,22,墨江住宅,PDFの画像で住宅名を確認,36,36,36,0,0,0,0,1,1,1,3,有,
住吉区,23,住吉住宅,PDFの画像で住宅名を確認,456,434,210,224,0,0,0,15,21,35,71,有,
住吉区,24,千躰住宅,PDFの画像で住宅名を確認,77,77,77,0,0,0,0,5,1,1,7,無,
住吉区,25,大領住宅,PDFの画像で住宅名を確認,25,25,25,0,0,0,0,1,0,0,1,有,
住吉区,26,大領北住宅,PDFの画像で住宅名を確認,50,50,50,0,0,0,0,1,1,0,2,有,
住吉区,27,大領東住宅,PDFの画像で住宅名を確認,68,68,68,0,0,0,0,1,1,2,4,有,
住吉区,28,鶴ケ丘住宅,PDFの画像で住宅名を確認,358,358,358,0,0,0,0,20,13,38,71,有,
住吉区,29,長居住宅,PDFの画像で住宅名を確認,131,131,131,0,0,0,0,2,4,2,8,有,
住吉区,30,長居１丁目住宅,PDFの画像で住宅名を確認,108,108,108,0,0,0,0,4,3,3,10,無,
住吉区,31,長居第２住宅,PDFの画像で住宅名を確認,150,150,150,0,0,0,0,4,6,5,15,無,
住吉区,32,長居西住宅,PDFの画像で住宅名を確認,80,80,80,0,0,0,0,1,2,4,7,無,
住吉区,33,長居西第２住宅,PDFの画像で住宅名を確認,228,228,228,0,0,0,0,3,2,8,13,有,
住吉区,34,万代住宅,PDFの画像で住宅名を確認,65,65,65,0,0,0,0,0,1,1,2,有,
住吉区,35,東長居住宅,PDFの画像で住宅名を確認,83,83,83,0,0,0,0,1,0,0,1,有,
住吉区,36,東長居第２住宅,PDFの画像で住宅名を確認,23,23,23,0,0,0,0,1,0,1,2,無,
住吉区,37,南住吉第１住宅,PDFの画像で住宅名を確認,433,433,433,0,0,0,0,5,11,9,25,有,
住吉区,38,南住吉第４住宅,PDFの画像で住宅名を確認,44,44,44,0,0,0,0,1,0,1,2,有,
住吉区,39,南住吉第５住宅,PDFの画像で住宅名を確認,307,307,307,0,0,0,0,7,8,10,25,有,
住吉区,40,南住吉第６住宅,PDFの画像で住宅名を確認,24,24,24,0,0,0,0,0,1,0,1,無,
住吉区,41,南住吉第７住宅,PDFの画像で住宅名を確認,122,122,122,0,0,0,0,4,3,5,12,有,
住吉区,42,南住吉第８住宅,PDFの画像で住宅名を確認,160,160,160,0,0,0,0,1,5,6,12,有,
住吉区,43,南住吉第９住宅,PDFの画像で住宅名を確認,286,286,286,0,0,0,0,7,6,7,20,有,
住吉区,44,山之内住宅,PDFの画像で住宅名を確認,397,397,397,0,0,0,0,10,10,17,37,有,
住吉区,45,山之内北住宅,PDFの画像で住宅名を確認,50,50,50,0,0,0,0,4,1,2,7,無,
東住吉区,1,公園南矢田住宅,PDFの画像で住宅名を確認,45,45,12,0,0,0,33,1,13,1,15,有,
東住吉区,2,住道矢田住宅,PDFの画像で住宅名を確認,136,136,136,0,0,0,0,4,7,3,14,有,
東住吉区,3,長居東住宅,PDFの画像で住宅名を確認,326,326,325,0,0,0,1,8,8,14,30,有,
東住吉区,4,南田辺住宅,PDFの画像で住宅名を確認,80,80,80,0,0,0,0,2,2,0,4,有,
東住吉区,5,矢田住宅,PDFの画像で住宅名を確認,74,74,59,15,0,0,0,2,1,2,5,有,
東住吉区,6,矢田北住宅,PDFの画像で住宅名を確認,101,101,0,101,0,0,0,4,8,2,14,無,
東住吉区,7,矢田住道第２住宅,PDFの画像で住宅名を確認,31,31,31,0,0,0,0,0,0,1,1,有,
東住吉区,8,矢田住道西住宅,PDFの画像で住宅名を確認,4,2,2,0,0,0,0,0,0,0,0,無,貸付停止等住宅
東住吉区,9,矢田中住宅,PDFの画像で住宅名を確認,443,326,205,121,0,0,0,4,25,15,44,有,一部貸付停止等住宅
東住吉区,10,矢田部住宅,PDFの画像で住宅名を確認,802,802,802,0,0,0,0,20,58,48,126,有,
平野区,1,瓜破２丁目住宅,PDFの画像で住宅名を確認,0,524,524,0,0,0,0,16,9,5,30,有,
平野区,2,瓜破西住宅,PDFの画像で住宅名を確認,1294,1294,1294,0,0,0,0,31,38,86,155,有,
平野区,3,瓜破西第２住宅,PDFの画像で住宅名を確認,491,491,491,0,0,0,0,0,0,0,0,有,貸付停止等住宅
平野区,4,瓜破東住宅,PDFの画像で住宅名を確認,467,467,467,0,0,0,0,8,14,19,41,有,一部貸付停止等住宅
平野区,5,瓜破東１丁目住宅,PDFの画像で住宅名を確認,32,313,313,0,0,0,0,17,8,14,39,有,
平野区,6,瓜破東８丁目住宅,PDFの画像で住宅名を確認,150,150,150,0,0,0,0,0,41,3,44,有,
平野区,7,瓜破東第１住宅,PDFの画像で住宅名を確認,392,392,312,0,0,0,80,13,6,16,35,有,
平野区,8,瓜破東第２住宅,PDFの画像で住宅名を確認,1118,1118,1117,0,0,0,1,13,29,80,122,有,一部貸付停止等住宅
平野区,9,加美北住宅,PDFの画像で住宅名を確認,266,266,266,0,0,0,0,8,8,10,26,有,
平野区,10,加美北第２住宅,PDFの画像で住宅名を確認,333,333,214,0,0,0,119,4,6,12,22,有,
平野区,11,加美北第３住宅,PDFの画像で住宅名を確認,135,135,135,0,0,0,0,4,2,5,11,有,
平野区,12,加美正覚寺住宅,PDFの画像で住宅名を確認,290,290,290,0,0,0,0,2,3,1,6,有,一部貸付停止等住宅
平野区,13,加美正覚寺東住宅,PDFの画像で住宅名を確認,277,277,277,0,0,0,0,9,5,7,21,有,
平野区,14,加美神明第２住宅,PDFの画像で住宅名を確認,196,98,98,0,0,0,0,0,0,0,0,有,貸付停止等住宅
平野区,15,加美長沢住宅,PDFの画像で住宅名を確認,866,906,906,0,0,0,0,28,90,11,129,有,一部貸付停止等住宅
平野区,16,加美長沢第３住宅,PDFの画像で住宅名を確認,90,90,90,0,0,0,0,3,22,2,27,有,
平野区,17,加美東第１住宅,PDFの画像で住宅名を確認,349,349,349,0,0,0,0,8,10,13,31,有,
平野区,18,加美東第２住宅,PDFの画像で住宅名を確認,453,453,453,0,0,0,0,11,5,12,28,有,
平野区,19,加美南住宅,PDFの画像で住宅名を確認,94,94,94,0,0,0,0,4,4,4,12,無,
平野区,20,北喜連住宅,PDFの画像で住宅名を確認,62,62,62,0,0,0,0,0,0,0,0,有,貸付停止等住宅
平野区,21,喜連住宅,PDFの画像で住宅名を確認,402,402,260,0,0,0,142,4,20,9,33,有,
平野区,22,喜連北池住宅,PDFの画像で住宅名を確認,390,390,390,0,0,0,0,0,0,0,0,有,貸付停止等住宅
平野区,23,喜連第２住宅,PDFの画像で住宅名を確認,325,325,324,0,0,0,1,7,14,23,44,有,
平野区,24,喜連第３住宅,PDFの画像で住宅名を確認,132,132,132,0,0,0,0,1,45,3,49,有,
平野区,25,長吉住宅,PDFの画像で住宅名を確認,276,276,276,0,0,0,0,3,19,12,34,有,
平野区,26,長吉川辺住宅,PDFの画像で住宅名を確認,90,90,90,0,0,0,0,1,14,1,16,有,
平野区,27,長吉第２住宅,PDFの画像で住宅名を確認,284,444,444,0,0,0,0,1,92,9,102,有,
平野区,28,長吉出戸第２住宅,PDFの画像で住宅名を確認,164,164,164,0,0,0,0,9,14,3,26,有,
平野区,29,長吉出戸西住宅,PDFの画像で住宅名を確認,829,829,829,0,0,0,0,10,129,22,161,有,
平野区,30,長吉出戸南第１住宅,PDFの画像で住宅名を確認,1036,1036,1036,0,0,0,0,31,32,72,135,有,
平野区,31,長吉長原住宅,PDFの画像で住宅名を確認,221,221,139,0,0,0,82,7,18,11,36,有,
平野区,32,長吉長原西住宅,PDFの画像で住宅名を確認,301,301,301,0,0,0,0,4,22,12,38,有,
平野区,33,長吉長原西第２住宅,PDFの画像で住宅名を確認,265,265,265,0,0,0,0,8,11,7,26,有,
平野区,34,長吉長原西第３住宅,PDFの画像で住宅名を確認,772,771,771,0,0,0,0,0,0,0,0,有,貸付停止等住宅
平野区,35,長吉長原東住宅,PDFの画像で住宅名を確認,2023,2023,1869,0,153,0,1,46,36,193,275,有,一部事業用住宅
平野区,36,長吉長原東第４住宅,PDFの画像で住宅名を確認,1370,970,970,0,0,0,0,12,8,16,36,有,一部貸付停止等住宅
平野区,37,長吉六反北住宅,PDFの画像で住宅名を確認,381,381,381,0,0,0,0,5,20,25,50,有,
平野区,38,長吉六反第１住宅,PDFの画像で住宅名を確認,392,392,392,0,0,0,0,11,9,18,38,有,
平野区,39,長吉六反東住宅,PDFの画像で住宅名を確認,920,560,560,0,0,0,0,0,0,0,0,有,貸付停止等住宅
平野区,40,長吉六反東第１住宅,PDFの画像で住宅名を確認,258,462,462,0,0,0,0,12,6,8,26,有,一部貸付停止等住宅
平野区,41,西喜連第３住宅,PDFの画像で住宅名を確認,626,626,626,0,0,0,0,10,20,17,47,有,
平野区,42,西喜連第４住宅,PDFの画像で住宅名を確認,717,717,585,0,0,0,132,20,32,20,72,有,
平野区,43,西喜連第５住宅,PDFの画像で住宅名を確認,1221,1221,1221,0,0,0,0,29,25,36,90,有,
平野区,44,東喜連住宅,PDFの画像で住宅名を確認,76,76,76,0,0,0,0,3,1,1,5,無,
平野区,45,東喜連第２住宅,PDFの画像で住宅名を確認,533,533,533,0,0,0,0,6,2,1,9,有,一部貸付停止等住宅
平野区,46,東喜連第３住宅,PDFの画像で住宅名を確認,630,630,630,0,0,0,0,0,0,0,0,有,貸付停止等住宅
平野区,47,東喜連第４住宅,PDFの画像で住宅名を確認,796,796,796,0,0,0,0,17,36,46,99,有,
平野区,48,東喜連第５住宅,PDFの画像で住宅名を確認,310,310,0,0,310,0,0,0,0,0,0,有,事業用住宅
平野区,49,平野市町住宅,PDFの画像で住宅名を確認,87,87,0,87,0,0,0,0,0,1,1,有,一部貸付停止等住宅
平野区,50,平野東住宅,PDFの画像で住宅名を確認,368,368,257,0,0,0,111,13,16,10,39,有,
西成区,1,天津橋住宅,PDFの画像で住宅名を確認,58,58,58,0,0,0,0,2,1,1,4,有,
西成区,2,岸之里住宅,PDFの画像で住宅名を確認,48,48,48,0,0,0,0,0,0,1,1,無,
西成区,3,北津守住宅,PDFの画像で住宅名を確認,39,39,39,0,0,0,0,1,1,1,3,無,
西成区,4,北津守第３住宅,PDFの画像で住宅名を確認,94,94,59,35,0,0,0,1,5,10,16,有,
西成区,5,北開住宅,PDFの画像で住宅名を確認,35,35,0,35,0,0,0,2,0,0,2,無,
西成区,6,千本住宅,PDFの画像で住宅名を確認,48,48,48,0,0,0,0,2,1,1,4,無,
西成区,7,千本中住宅,PDFの画像で住宅名を確認,116,116,116,0,0,0,0,2,5,11,18,有,
西成区,8,津守住宅,PDFの画像で住宅名を確認,150,150,150,0,0,0,0,0,0,0,0,有,貸付停止等住宅
西成区,9,津守第３住宅,PDFの画像で住宅名を確認,40,40,40,0,0,0,0,1,3,3,7,有,
西成区,10,出城第１住宅,PDFの画像で住宅名を確認,32,32,32,0,0,0,0,1,3,0,4,有,
西成区,11,出城第２住宅,PDFの画像で住宅名を確認,63,63,63,0,0,0,0,0,1,2,3,有,
西成区,12,出城第３住宅,PDFの画像で住宅名を確認,14,14,14,0,0,0,0,2,1,0,3,無,
西成区,13,出城通第４住宅,PDFの画像で住宅名を確認,45,45,45,0,0,0,0,0,0,0,0,有,貸付停止等住宅
西成区,14,出城通第５住宅,PDFの画像で住宅名を確認,88,88,0,88,0,0,0,3,2,5,10,有,
西成区,15,出城西住宅,PDFの画像で住宅名を確認,116,116,0,116,0,0,0,4,0,4,8,有,
西成区,16,出城東住宅,PDFの画像で住宅名を確認,77,77,77,0,0,0,0,6,5,5,16,無,
西成区,17,出城東第２住宅,PDFの画像で住宅名を確認,32,32,32,0,0,0,0,1,0,0,1,無,
西成区,18,中津守住宅,PDFの画像で住宅名を確認,177,177,177,0,0,0,0,5,4,5,14,有,
西成区,19,中開住宅,PDFの画像で住宅名を確認,28,28,28,0,0,0,0,0,0,0,0,有,貸付停止等住宅
西成区,20,中開東住宅,PDFの画像で住宅名を確認,40,40,0,40,0,0,0,0,2,0,2,有,一部貸付停止等住宅
西成区,21,長橋第１住宅,PDFの画像で住宅名を確認,103,103,103,0,0,0,0,4,1,3,8,無,
西成区,22,長橋第３住宅,PDFの画像で住宅名を確認,120,120,96,24,0,0,0,1,0,1,2,有,一部貸付停止等住宅
西成区,23,長橋第４住宅,PDFの画像で住宅名を確認,63,63,27,36,0,0,0,0,2,1,3,無,
西成区,24,長橋第５住宅,PDFの画像で住宅名を確認,178,178,178,0,0,0,0,4,0,3,7,有,
西成区,25,長橋第６住宅,PDFの画像で住宅名を確認,31,31,0,31,0,0,0,0,0,0,0,有,貸付停止等住宅
西成区,26,長橋通住宅,PDFの画像で住宅名を確認,33,33,0,0,33,0,0,8,0,0,8,有,
西成区,27,萩之茶屋北住宅,PDFの画像で住宅名を確認,104,169,0,169,0,0,0,3,3,5,11,有,
西成区,28,ひらき住宅,PDFの画像で住宅名を確認,60,129,0,129,0,0,0,3,2,9,14,有,
西成区,29,ひらき西住宅,PDFの画像で住宅名を確認,56,56,0,56,0,0,0,2,2,1,5,無,
西成区,30,松住宅,PDFの画像で住宅名を確認,64,64,64,0,0,0,0,1,0,0,1,有,
西成区,31,松之宮住宅,PDFの画像で住宅名を確認,45,84,39,45,0,0,0,0,0,0,0,有,貸付停止等住宅
西成区,32,南津守住宅,PDFの画像で住宅名を確認,40,40,40,0,0,0,0,0,1,0,1,有,
西成区,33,南津守第１住宅,PDFの画像で住宅名を確認,194,194,194,0,0,0,0,4,5,10,19,有,
西成区,34,南津守第２住宅,PDFの画像で住宅名を確認,207,207,0,0,207,0,0,1,0,0,1,有,一部事業用住宅
西成区,35,南津守第３住宅,PDFの画像で住宅名を確認,99,99,0,0,0,0,99,2,0,2,4,有,
西成区,36,南津守第４住宅,PDFの画像で住宅名を確認,252,252,222,0,0,0,30,6,5,8,19,有,
西成区,37,南開第１住宅,PDFの画像で住宅名を確認,16,16,0,16,0,0,0,0,2,1,3,有,
