区,PDFのNo.,住宅（団地）,最寄り駅,最寄り駅_徒歩分,記載の駅数,最寄りバス停,最寄りバス停_徒歩分,交通機関（一覧の記載）
北区,1,扇町住宅,Osaka Metro堺筋線 扇町駅,5,2,,,JR大阪環状線 天満駅 徒歩約6分／Osaka Metro堺筋線 扇町駅 徒歩約5分
北区,2,大淀住宅,Osaka Metro 天神橋筋六丁目駅,11,1,天神橋八丁目停留所,4,Osaka Metro 天神橋筋六丁目駅 徒歩約11分／バス 天神橋八丁目停留所 徒歩約4分
北区,3,大淀北住宅,阪急 中津駅,11,1,,,阪急 中津駅 徒歩約11分
北区,4,豊崎第１住宅,Osaka Metro御堂筋線 中津駅,11,1,,,Osaka Metro御堂筋線 中津駅 徒歩約11分
北区,5,中津住宅,Osaka Metro御堂筋線 中津駅,6,1,,,Osaka Metro御堂筋線 中津駅 徒歩約6分
北区,6,中津第２住宅,阪急 中津駅,4,1,,,阪急 中津駅 徒歩約4分
北区,7,中津第３住宅,阪急 中津駅,5,1,,,阪急 中津駅 徒歩約5分
北区,8,長柄第２住宅,Osaka Metro 天神橋筋六丁目駅,11,1,,,Osaka Metro 天神橋筋六丁目駅 徒歩約11分
北区,9,長柄中住宅,Osaka Metro 天神橋筋六丁目駅,3,1,,,Osaka Metro 天神橋筋六丁目駅 徒歩約3分
北区,10,長柄東住宅,Osaka Metro 天神橋筋六丁目駅,11,1,,,Osaka Metro 天神橋筋六丁目駅 徒歩約11分
北区,11,長柄東第２住宅,Osaka Metro 天神橋筋六丁目駅,10,1,,,Osaka Metro 天神橋筋六丁目駅 徒歩約10分
都島区,1,内代住宅,Osaka Metro谷町線 野江内代駅,10,2,,,Osaka Metro谷町線 野江内代駅 徒歩約10分／JRおおさか東線 JR野江駅 徒歩約15分
都島区,2,内代第２住宅,Osaka Metro谷町線 野江内代駅,8,2,,,Osaka Metro谷町線 野江内代駅 徒歩約8分／JRおおさか東線 JR野江駅 徒歩約13分
都島区,3,毛馬住宅,JRおおさか東線 城北公園通駅,10,1,毛馬町二停留所,10,JRおおさか東線 城北公園通駅 徒歩約10分／バス 毛馬町二停留所 徒歩約10分
都島区,4,毛馬第２住宅,JRおおさか東線 城北公園通駅,13,1,毛馬町二停留所,10,JRおおさか東線 城北公園通駅 徒歩約13分／バス 毛馬町二停留所 徒歩約10分
都島区,5,毛馬西住宅,JRおおさか東線 城北公園通駅,14,1,毛馬町二停留所,10,JRおおさか東線 城北公園通駅 徒歩約14分／バス 毛馬町二停留所 徒歩約10分
都島区,6,毛馬東住宅,JRおおさか東線 城北公園通駅,7,1,大東町停留所,10,JRおおさか東線 城北公園通駅 徒歩約7分／バス 大東町停留所 徒歩約10分
都島区,7,毛馬南住宅,JRおおさか東線 城北公園通駅,16,1,毛馬橋停留所,3,JRおおさか東線 城北公園通駅 徒歩約16分／バス 毛馬橋停留所 徒歩約3分
都島区,8,桜宮住宅,JR大阪環状線 桜ノ宮駅,7,1,,,JR大阪環状線 桜ノ宮駅 徒歩約7分
都島区,9,友渕住宅,JRおおさか東線 城北公園通駅,14,2,,,JRおおさか東線 城北公園通駅 徒歩約14分／Osaka Metro谷町線 都島駅 徒歩約22分
都島区,10,都島中通住宅,JR 京橋駅,10,2,,,JR 京橋駅 徒歩約10分／京阪本線 京橋駅 徒歩約10分
都島区,11,都島西住宅,Osaka Metro谷町線 都島駅,9,2,,,Osaka Metro谷町線 都島駅 徒歩約9分／JR 京橋駅 徒歩約12分
都島区,12,都島南住宅,JR 京橋駅,7,2,,,JR 京橋駅 徒歩約7分／京阪本線 京橋駅 徒歩約7分
都島区,13,御幸住宅,Osaka Metro谷町線 野江内代駅,14,2,,,Osaka Metro谷町線 野江内代駅 徒歩約14分／JRおおさか東線 JR野江駅 徒歩約16分
此花区,1,春日出住宅,阪神なんば線 千鳥橋駅,13,1,,,阪神なんば線 千鳥橋駅 徒歩約13分
此花区,2,春日出中住宅,阪神なんば線 千鳥橋駅,10,1,,,阪神なんば線 千鳥橋駅 徒歩約10分
此花区,3,春日出中第２住宅,阪神なんば線 千鳥橋駅,10,1,,,阪神なんば線 千鳥橋駅 徒歩約10分
此花区,4,春日出南住宅,阪神なんば線 千鳥橋駅,13,1,,,阪神なんば線 千鳥橋駅 徒歩約13分
此花区,5,木場住宅,JR 西九条駅,6,1,,,JR 西九条駅 徒歩約6分
此花区,6,木場第１住宅,,,0,,,
此花区,7,桜島住宅,JRゆめ咲線 桜島駅,9,1,,,JRゆめ咲線 桜島駅 徒歩約9分
此花区,8,島屋住宅,JRゆめ咲線 安治川口駅,12,1,,,JRゆめ咲線 安治川口駅 徒歩約12分
此花区,9,島屋第２住宅,JRゆめ咲線 安治川口駅,6,1,,,JRゆめ咲線 安治川口駅 徒歩約6分
此花区,10,高見住宅,阪神なんば線 千鳥橋駅,11,1,,,阪神なんば線 千鳥橋駅 徒歩約11分
此花区,11,高見第２住宅,阪神なんば線 伝法駅,10,1,,,阪神なんば線 伝法駅 徒歩約10分
此花区,12,千鳥橋住宅,阪神なんば線 千鳥橋駅,6,1,,,阪神なんば線 千鳥橋駅 徒歩約6分
此花区,13,伝法住宅,阪神なんば線 千鳥橋駅,5,1,,,阪神なんば線 千鳥橋駅 徒歩約5分
此花区,14,酉島住宅,JRゆめ咲線 安治川口駅,19,2,,,JRゆめ咲線 安治川口駅 徒歩約19分／阪神なんば線 伝法駅 徒歩約19分
此花区,15,酉島第２住宅,JRゆめ咲線 安治川口駅,20,1,,,JRゆめ咲線 安治川口駅 徒歩約20分
此花区,16,酉島東住宅,阪神なんば線 伝法駅,11,1,,,阪神なんば線 伝法駅 徒歩約11分
此花区,17,西九条住宅,JR 西九条駅,3,1,,,JR 西九条駅 徒歩約3分
此花区,18,梅香住宅,阪神なんば線 千鳥橋駅,9,1,,,阪神なんば線 千鳥橋駅 徒歩約9分
此花区,19,秀野西住宅,阪神なんば線 伝法駅,13,1,,,阪神なんば線 伝法駅 徒歩約13分
中央区,1,上町住宅,Osaka Metro谷町線 谷町六丁目駅,11,2,,,Osaka Metro谷町線 谷町六丁目駅 徒歩約11分／JR大阪環状線 玉造駅 徒歩約13分
港区,1,池島住宅,Osaka Metro中央線 朝潮橋駅,7,1,,,Osaka Metro中央線 朝潮橋駅 徒歩約7分
港区,2,池島南住宅,Osaka Metro中央線 朝潮橋駅,11,1,,,Osaka Metro中央線 朝潮橋駅 徒歩約11分
港区,3,一条通住宅,Osaka Metro中央線 大阪港駅,4,1,,,Osaka Metro中央線 大阪港駅 徒歩約4分
港区,4,田中住宅,Osaka Metro中央線 朝潮橋駅,7,1,,,Osaka Metro中央線 朝潮橋駅 徒歩約7分
港区,5,築港住宅,Osaka Metro中央線 大阪港駅,5,1,,,Osaka Metro中央線 大阪港駅 徒歩約5分
港区,6,波除住宅,Osaka Metro中央線 弁天町駅,5,1,,,Osaka Metro中央線 弁天町駅 徒歩約5分
港区,7,波除第２住宅,Osaka Metro中央線 弁天町駅,8,1,,,Osaka Metro中央線 弁天町駅 徒歩約8分
港区,8,三先住宅,Osaka Metro中央線 朝潮橋駅,6,1,,,Osaka Metro中央線 朝潮橋駅 徒歩約6分
港区,9,八幡屋宝町住宅,Osaka Metro中央線 朝潮橋駅,12,1,,,Osaka Metro中央線 朝潮橋駅 徒歩約12分
港区,10,八幡屋宝町第２住宅,Osaka Metro中央線 朝潮橋駅,11,1,,,Osaka Metro中央線 朝潮橋駅 徒歩約11分
港区,11,八幡屋宝町第３住宅,Osaka Metro中央線 朝潮橋駅,9,1,,,Osaka Metro中央線 朝潮橋駅 徒歩約9分
港区,12,八幡屋第１住宅,,,0,,,
港区,13,八幡屋第２住宅,Osaka Metro中央線 朝潮橋駅,11,1,,,Osaka Metro中央線 朝潮橋駅 徒歩約11分
港区,14,八幡屋第３住宅,Osaka Metro中央線 朝潮橋駅,14,1,,,Osaka Metro中央線 朝潮橋駅 徒歩約14分
港区,15,八幡屋第４住宅,Osaka Metro中央線 朝潮橋駅,13,1,,,Osaka Metro中央線 朝潮橋駅 徒歩約13分
大正区,1,泉尾住宅,JR大阪環状線 大正駅,18,2,南泉尾停留所,7,JR大阪環状線 大正駅 徒歩約18分／Osaka Metro長堀鶴見緑地線 大正駅 徒歩約18分／バス 南泉尾停留所 徒歩約7分
大正区,2,泉尾第２住宅,JR大阪環状線 大正駅,24,2,泉尾四停留所,1,JR大阪環状線 大正駅 徒歩約24分／Osaka Metro長堀鶴見緑地線 大正駅 徒歩約24分／バス 泉尾四停留所 徒歩約1分
大正区,3,泉尾第３住宅,JR大阪環状線 大正駅,28,2,北恩加島停留所,3,JR大阪環状線 大正駅 徒歩約28分／Osaka Metro長堀鶴見緑地線 大正駅 徒歩約28分／バス 北恩加島停留所 徒歩約3分
大正区,4,泉尾第４住宅,JR大阪環状線 大正駅,25,2,泉尾四停留所,3,JR大阪環状線 大正駅 徒歩約25分／Osaka Metro長堀鶴見緑地線 大正駅 徒歩約25分／バス 泉尾四停留所 徒歩約3分
大正区,5,泉尾第５住宅,JR大阪環状線 大正駅,25,2,泉尾四停留所,5,JR大阪環状線 大正駅 徒歩約25分／Osaka Metro長堀鶴見緑地線 大正駅 徒歩約25分／バス 泉尾四停留所 徒歩約5分
大正区,6,泉尾第６住宅,JR大阪環状線 大正駅,22,2,千島停留所,1,JR大阪環状線 大正駅 徒歩約22分／Osaka Metro長堀鶴見緑地線 大正駅 徒歩約22分／バス 千島停留所 徒歩約1分
大正区,7,大浪住宅,JR大阪環状線 大正駅,7,2,,,JR大阪環状線 大正駅 徒歩約7分／Osaka Metro長堀鶴見緑地線 大正駅 徒歩約7分
大正区,8,北村住宅,Osaka Metro長堀鶴見緑地線 大正駅,29,1,新千歳停留所,1,Osaka Metro長堀鶴見緑地線 大正駅 徒歩約29分／バス 新千歳停留所 徒歩約1分
大正区,9,小林住宅,,,0,中央中学校前停留所,5,バス 中央中学校前停留所 徒歩約5分
大正区,10,三軒家住宅,JR大阪環状線 大正駅,10,2,,,JR大阪環状線 大正駅 徒歩約10分／Osaka Metro長堀鶴見緑地線 大正駅 徒歩約10分
大正区,11,千島住宅,Osaka Metro長堀鶴見緑地線 大正駅,29,1,小林停留所,5,Osaka Metro長堀鶴見緑地線 大正駅 徒歩約29分／バス 小林停留所 徒歩約5分
大正区,12,千島第２住宅,Osaka Metro長堀鶴見緑地線 大正駅,23,1,大正区役所前停留所,1,Osaka Metro長堀鶴見緑地線 大正駅 徒歩約23分／バス 大正区役所前停留所 徒歩約1分
大正区,13,鶴町住宅,,,0,鶴町四停留所,3,バス 鶴町四停留所 徒歩約3分
大正区,14,鶴町第２住宅,,,0,鶴町二停留所,2,バス 鶴町二停留所 徒歩約2分
大正区,15,鶴町第３住宅,,,0,鶴町四停留所,3,バス 鶴町四停留所 徒歩約3分
大正区,16,鶴町第４住宅,,,0,鶴町四停留所,2,バス 鶴町四停留所 徒歩約2分
大正区,17,鶴町第５住宅,,,0,鶴町四停留所,2,バス 鶴町四停留所 徒歩約2分
大正区,18,鶴町第６住宅,,,0,鶴町四停留所,2,バス 鶴町四停留所 徒歩約2分
大正区,19,鶴町第７住宅,,,0,鶴町二停留所,1,バス 鶴町二停留所 徒歩約1分
大正区,20,鶴町第８住宅,,,0,鶴町一停留所,1,バス 鶴町一停留所 徒歩約1分
大正区,21,鶴町第９住宅,,,0,鶴町二停留所,3,バス 鶴町二停留所 徒歩約3分
天王寺区,1,勝三第１住宅,JR大阪環状線 桃谷駅,6,1,,,JR大阪環状線 桃谷駅 徒歩約6分
天王寺区,2,勝山第１住宅,JR大阪環状線 寺田町駅,10,2,,,JR大阪環状線 寺田町駅 徒歩約10分／Osaka Metro谷町線 四天王寺前夕陽ケ丘駅 徒歩約12分
天王寺区,3,空清住宅,Osaka Metro 谷町六丁目駅,10,1,,,Osaka Metro 谷町六丁目駅 徒歩約10分
天王寺区,4,小宮住宅,Osaka Metro谷町線 四天王寺前夕陽ケ丘駅,10,1,,,Osaka Metro谷町線 四天王寺前夕陽ケ丘駅 徒歩約10分
天王寺区,5,堂ヶ芝住宅,JR大阪環状線 桃谷駅,4,1,,,JR大阪環状線 桃谷駅 徒歩約4分
天王寺区,6,筆ヶ崎住宅,近鉄大阪線 大阪上本町駅,6,1,,,近鉄大阪線 大阪上本町駅 徒歩約6分
浪速区,1,稲荷住宅,JR大和路線 JR難波駅,6,2,,,JR大和路線 JR難波駅 徒歩約6分／Osaka Metro千日前線 桜川駅 徒歩約10分
浪速区,2,大浪橋住宅,南海汐見橋線 芦原町駅,6,2,,,南海汐見橋線 芦原町駅 徒歩約6分／JR大阪環状線 芦原橋駅 徒歩約10分
浪速区,3,塩草住宅,JR大和路線 JR難波駅,7,2,,,JR大和路線 JR難波駅 徒歩約7分／JR大阪環状線 芦原橋駅 徒歩約9分
浪速区,4,塩草第２住宅,JR大和路線 JR難波駅,9,2,,,JR大和路線 JR難波駅 徒歩約9分／JR大阪環状線 芦原橋駅 徒歩約9分
浪速区,5,塩草第３住宅,JR大阪環状線 芦原橋駅,7,2,,,JR大阪環状線 芦原橋駅 徒歩約7分／JR大和路線 JR難波駅 徒歩約8分
浪速区,6,敷津東住宅,Osaka Metro 大国町駅,3,2,,,Osaka Metro 大国町駅 徒歩約3分／南海高野線 今宮戎駅 徒歩約4分
浪速区,7,新浪速第１住宅,JR大阪環状線 芦原橋駅,8,2,,,JR大阪環状線 芦原橋駅 徒歩約8分／南海汐見橋線 木津川駅 徒歩約8分
浪速区,8,新浪速第２住宅,南海汐見橋線 芦原町駅,2,2,,,南海汐見橋線 芦原町駅 徒歩約2分／JR大阪環状線 芦原橋駅 徒歩約5分
浪速区,9,立葉住宅,Osaka Metro千日前線 桜川駅,9,2,,,Osaka Metro千日前線 桜川駅 徒歩約9分／JR大阪環状線 芦原橋駅 徒歩約10分
浪速区,10,大国住宅,JR 今宮駅,3,2,,,JR 今宮駅 徒歩約3分／Osaka Metro 大国町駅 徒歩約9分
浪速区,11,大国南住宅,JR 今宮駅,7,2,,,JR 今宮駅 徒歩約7分／Osaka Metro 大国町駅 徒歩約8分
浪速区,12,浪速第１０住宅,JR大阪環状線 芦原橋駅,6,2,,,JR大阪環状線 芦原橋駅 徒歩約6分／南海汐見橋線 芦原町駅 徒歩約9分
浪速区,13,浪速第６住宅,JR大阪環状線 芦原橋駅,6,2,,,JR大阪環状線 芦原橋駅 徒歩約6分／南海汐見橋線 芦原町駅 徒歩約8分
浪速区,14,浪速第７住宅,JR 今宮駅,2,2,,,JR 今宮駅 徒歩約2分／南海汐見橋線 木津川駅 徒歩約11分
浪速区,15,浪速第８住宅,南海汐見橋線 芦原町駅,2,2,,,南海汐見橋線 芦原町駅 徒歩約2分／JR大阪環状線 芦原橋駅 徒歩約6分
浪速区,16,浪速第９住宅,南海汐見橋線 木津川駅,7,2,,,南海汐見橋線 木津川駅 徒歩約7分／JR 今宮駅 徒歩約9分
浪速区,17,浪速西第３住宅,南海汐見橋線 芦原町駅,4,2,,,南海汐見橋線 芦原町駅 徒歩約4分／JR大阪環状線 芦原橋駅 徒歩約5分
浪速区,18,浪速東住宅,,,0,,,
浪速区,19,浪速東第２住宅,JR 今宮駅,5,2,,,JR 今宮駅 徒歩約5分／Osaka Metro 大国町駅 徒歩約9分
浪速区,20,日東住宅,Osaka Metro堺筋線 恵美須町駅,3,2,,,Osaka Metro堺筋線 恵美須町駅 徒歩約3分／南海高野線 今宮戎駅 徒歩約10分
浪速区,21,日本橋住宅,Osaka Metro堺筋線 恵美須町駅,3,2,,,Osaka Metro堺筋線 恵美須町駅 徒歩約3分／南海高野線 今宮戎駅 徒歩約7分
浪速区,22,日本橋西住宅,Osaka Metro堺筋線 恵美須町駅,4,2,,,Osaka Metro堺筋線 恵美須町駅 徒歩約4分／南海高野線 今宮戎駅 徒歩約5分
浪速区,23,西栄住宅,南海汐見橋線 木津川駅,7,2,,,南海汐見橋線 木津川駅 徒歩約7分／JR大阪環状線 芦原橋駅 徒歩約9分
浪速区,24,にしはま住宅,JR大阪環状線 芦原橋駅,3,2,,,JR大阪環状線 芦原橋駅 徒歩約3分／南海汐見橋線 芦原町駅 徒歩約5分
浪速区,25,広田住宅,Osaka Metro堺筋線 恵美須町駅,4,2,,,Osaka Metro堺筋線 恵美須町駅 徒歩約4分／南海高野線 今宮戎駅 徒歩約4分
浪速区,26,宮津住宅,JR 新今宮駅,4,2,,,JR 新今宮駅 徒歩約4分／南海 新今宮駅 徒歩約4分
西淀川区,1,歌島住宅,JR京都・神戸線 塚本駅,13,2,,,JR京都・神戸線 塚本駅 徒歩約13分／JR東西・学研都市線 御幣島駅 徒歩約14分
西淀川区,2,歌島北住宅,JR東西・学研都市線 御幣島駅,13,2,,,JR東西・学研都市線 御幣島駅 徒歩約13分／JR京都・神戸線 塚本駅 徒歩約15分
西淀川区,3,歌島第２住宅,JR東西・学研都市線 御幣島駅,5,1,,,JR東西・学研都市線 御幣島駅 徒歩約5分
西淀川区,4,大野住宅,阪神なんば線 福駅,9,1,,,阪神なんば線 福駅 徒歩約9分
西淀川区,5,大和田第１住宅,阪神なんば線 出来島駅,7,1,,,阪神なんば線 出来島駅 徒歩約7分
西淀川区,6,大和田第３住宅,阪神なんば線 福駅,10,1,,,阪神なんば線 福駅 徒歩約10分
西淀川区,7,柏里住宅,JR京都・神戸線 塚本駅,5,1,,,JR京都・神戸線 塚本駅 徒歩約5分
西淀川区,8,柏里第２住宅,JR京都・神戸線 塚本駅,3,1,,,JR京都・神戸線 塚本駅 徒歩約3分
西淀川区,9,神崎川住宅,JR東西・学研都市線 御幣島駅,9,2,,,JR東西・学研都市線 御幣島駅 徒歩約9分／阪神本線 千船駅 徒歩約10分
西淀川区,10,佃住宅,阪神本線 千船駅,2,1,,,阪神本線 千船駅 徒歩約2分
西淀川区,11,佃第２住宅,阪神本線 千船駅,7,1,,,阪神本線 千船駅 徒歩約7分
西淀川区,12,出来島第２住宅,阪神なんば線 出来島駅,6,1,,,阪神なんば線 出来島駅 徒歩約6分
西淀川区,13,出来島住宅,阪神なんば線 出来島駅,10,1,,,阪神なんば線 出来島駅 徒歩約10分
西淀川区,14,中島第２住宅,阪神なんば線 出来島駅,10,1,,,阪神なんば線 出来島駅 徒歩約10分
西淀川区,15,中島第３住宅,阪神なんば線 出来島駅,14,1,,,阪神なんば線 出来島駅 徒歩約14分
西淀川区,16,姫里住宅,阪神本線 姫島駅,5,1,,,阪神本線 姫島駅 徒歩約5分
西淀川区,17,姫島住宅,阪神なんば線 福駅,9,1,,,阪神なんば線 福駅 徒歩約9分
西淀川区,18,姫島第１住宅,阪神なんば線 福駅,7,1,,,阪神なんば線 福駅 徒歩約7分
西淀川区,19,姫島第３住宅,阪神なんば線 福駅,9,1,,,阪神なんば線 福駅 徒歩約9分
西淀川区,20,福第２住宅,阪神なんば線 福駅,7,1,,,阪神なんば線 福駅 徒歩約7分
西淀川区,21,御幣島住宅,JR東西・学研都市線 加島駅,11,1,,,JR東西・学研都市線 加島駅 徒歩約11分
西淀川区,22,御幣島西住宅,JR東西・学研都市線 御幣島駅,10,1,,,JR東西・学研都市線 御幣島駅 徒歩約10分
西淀川区,23,御幣島東住宅,JR東西・学研都市線 御幣島駅,9,1,,,JR東西・学研都市線 御幣島駅 徒歩約9分
淀川区,1,加島住宅,JR東西・学研都市線 加島駅,7,1,,,JR東西・学研都市線 加島駅 徒歩約7分
淀川区,2,加島北住宅,JR東西・学研都市線 加島駅,11,1,,,JR東西・学研都市線 加島駅 徒歩約11分
淀川区,3,加島第２住宅,,,0,,,
淀川区,4,加島中住宅,JR東西・学研都市線 加島駅,7,1,,,JR東西・学研都市線 加島駅 徒歩約7分
淀川区,5,加島東住宅,JR東西・学研都市線 加島駅,15,2,,,JR東西・学研都市線 加島駅 徒歩約15分／阪急神戸線 神崎川駅 徒歩約15分
淀川区,6,加島南第２住宅,JR東西・学研都市線 加島駅,12,1,,,JR東西・学研都市線 加島駅 徒歩約12分
淀川区,7,加島南第３住宅,JR東西・学研都市線 加島駅,10,1,,,JR東西・学研都市線 加島駅 徒歩約10分
淀川区,8,加島南第４住宅,JR東西・学研都市線 加島駅,11,1,,,JR東西・学研都市線 加島駅 徒歩約11分
淀川区,9,神崎橋住宅,JR東西・学研都市線 加島駅,8,1,,,JR東西・学研都市線 加島駅 徒歩約8分
淀川区,10,木川第１住宅,JR 新大阪駅,14,2,,,JR 新大阪駅 徒歩約14分／Osaka Metro御堂筋線 新大阪駅 徒歩約14分
淀川区,11,木川第２住宅,JR 新大阪駅,10,2,,,JR 新大阪駅 徒歩約10分／Osaka Metro御堂筋線 新大阪駅 徒歩約10分
淀川区,12,木川第３住宅,JR 新大阪駅,10,2,,,JR 新大阪駅 徒歩約10分／Osaka Metro御堂筋線 新大阪駅 徒歩約10分
淀川区,13,木川第４住宅,Osaka Metro御堂筋線 西中島南方駅,14,2,,,Osaka Metro御堂筋線 西中島南方駅 徒歩約14分／阪急 十三駅 徒歩約16分
淀川区,14,木川第５住宅,JR 新大阪駅,13,2,,,JR 新大阪駅 徒歩約13分／Osaka Metro御堂筋線 新大阪駅 徒歩約13分
淀川区,15,木川西第１住宅,阪急 十三駅,12,2,,,阪急 十三駅 徒歩約12分／Osaka Metro御堂筋線 西中島南方駅 徒歩約16分
淀川区,16,木川西第２住宅,Osaka Metro御堂筋線 西中島南方駅,13,2,,,Osaka Metro御堂筋線 西中島南方駅 徒歩約13分／阪急 十三駅 徒歩約14分
淀川区,17,木川東第１住宅,Osaka Metro御堂筋線 西中島南方駅,11,2,,,Osaka Metro御堂筋線 西中島南方駅 徒歩約11分／阪急京都線 南方駅 徒歩約13分
淀川区,18,木川東第２住宅,Osaka Metro御堂筋線 西中島南方駅,9,2,,,Osaka Metro御堂筋線 西中島南方駅 徒歩約9分／阪急京都線 南方駅 徒歩約11分
淀川区,19,新三国住宅,Osaka Metro御堂筋線 東三国駅,10,2,,,Osaka Metro御堂筋線 東三国駅 徒歩約10分／阪急宝塚線 三国駅 徒歩約13分
淀川区,20,田川北住宅,阪急 十三駅,15,1,,,阪急 十三駅 徒歩約15分
淀川区,21,新高住宅,阪急宝塚線 三国駅,8,2,,,阪急宝塚線 三国駅 徒歩約8分／阪急神戸線 神崎川駅 徒歩約11分
淀川区,22,新高南住宅,阪急宝塚線 三国駅,10,2,,,阪急宝塚線 三国駅 徒歩約10分／阪急神戸線 神崎川駅 徒歩約10分
淀川区,23,西中島住宅,Osaka Metro御堂筋線 西中島南方駅,3,2,,,Osaka Metro御堂筋線 西中島南方駅 徒歩約3分／阪急京都線 南方駅 徒歩約4分
淀川区,24,西中島第２住宅,Osaka Metro御堂筋線 西中島南方駅,7,2,,,Osaka Metro御堂筋線 西中島南方駅 徒歩約7分／阪急京都線 南方駅 徒歩約9分
淀川区,25,西三国住宅,Osaka Metro御堂筋線 東三国駅,9,2,,,Osaka Metro御堂筋線 東三国駅 徒歩約9分／阪急宝塚線 三国駅 徒歩約13分
淀川区,26,西三国第２住宅,Osaka Metro御堂筋線 東三国駅,11,2,,,Osaka Metro御堂筋線 東三国駅 徒歩約11分／阪急宝塚線 三国駅 徒歩約11分
淀川区,27,西宮原住宅,阪急宝塚線 三国駅,11,2,,,阪急宝塚線 三国駅 徒歩約11分／JR 新大阪駅 徒歩約13分
淀川区,28,野中北住宅,阪急神戸線 神崎川駅,12,2,,,阪急神戸線 神崎川駅 徒歩約12分／阪急 十三駅 徒歩約16分
淀川区,29,東三国住宅,JR京都・神戸線 東淀川駅,11,2,,,JR京都・神戸線 東淀川駅 徒歩約11分／Osaka Metro御堂筋線 東三国駅 徒歩約11分
淀川区,30,三国南住宅,阪急宝塚線 三国駅,10,2,,,阪急宝塚線 三国駅 徒歩約10分／JR 新大阪駅 徒歩約15分
淀川区,31,三津屋住宅,阪急神戸線 神崎川駅,12,1,,,阪急神戸線 神崎川駅 徒歩約12分
東淀川区,1,相川住宅,阪急京都線 相川駅,6,2,,,阪急京都線 相川駅 徒歩約6分／Osaka Metro今里筋線 井高野駅 徒歩約12分
東淀川区,2,飛鳥住宅,阪急京都線 崇禅寺駅,4,2,,,阪急京都線 崇禅寺駅 徒歩約4分／阪急千里線 柴島駅 徒歩約6分
東淀川区,3,飛鳥西住宅,阪急京都線 崇禅寺駅,7,2,,,阪急京都線 崇禅寺駅 徒歩約7分／阪急千里線 柴島駅 徒歩約9分
東淀川区,4,淡路住宅,阪急京都線 淡路駅,9,2,,,阪急京都線 淡路駅 徒歩約9分／JR京都・神戸線 東淀川駅 徒歩約14分
東淀川区,5,淡路第１住宅,阪急京都線 淡路駅,5,2,,,阪急京都線 淡路駅 徒歩約5分／JRおおさか東線 JR淡路駅 徒歩約10分
東淀川区,6,淡路第２住宅,阪急京都線 淡路駅,9,2,,,阪急京都線 淡路駅 徒歩約9分／JR京都・神戸線 東淀川駅 徒歩約10分
東淀川区,7,淡路第３住宅,阪急京都線 崇禅寺駅,8,2,,,阪急京都線 崇禅寺駅 徒歩約8分／JR京都・神戸線 東淀川駅 徒歩約9分
東淀川区,8,淡路本町住宅,阪急京都線 崇禅寺駅,8,2,,,阪急京都線 崇禅寺駅 徒歩約8分／JR京都・神戸線 東淀川駅 徒歩約11分
東淀川区,9,井高野住宅,Osaka Metro今里筋線 井高野駅,8,1,,,Osaka Metro今里筋線 井高野駅 徒歩約8分
東淀川区,10,井高野第２住宅,Osaka Metro今里筋線 井高野駅,3,1,,,Osaka Metro今里筋線 井高野駅 徒歩約3分
東淀川区,11,井高野第３住宅,Osaka Metro今里筋線 井高野駅,13,1,,,Osaka Metro今里筋線 井高野駅 徒歩約13分
東淀川区,12,井高野第４住宅,Osaka Metro今里筋線 井高野駅,12,1,,,Osaka Metro今里筋線 井高野駅 徒歩約12分
東淀川区,13,井高野第５住宅,Osaka Metro今里筋線 井高野駅,5,1,,,Osaka Metro今里筋線 井高野駅 徒歩約5分
東淀川区,14,井高野第６住宅,Osaka Metro今里筋線 井高野駅,5,1,,,Osaka Metro今里筋線 井高野駅 徒歩約5分
東淀川区,15,上新庄住宅,阪急京都線 上新庄駅,6,1,,,阪急京都線 上新庄駅 徒歩約6分
東淀川区,16,上新庄第１住宅,,,0,,,
東淀川区,17,北江口住宅,Osaka Metro今里筋線 井高野駅,2,1,,,Osaka Metro今里筋線 井高野駅 徒歩約2分
東淀川区,18,北江口第２住宅,Osaka Metro今里筋線 井高野駅,5,1,,,Osaka Metro今里筋線 井高野駅 徒歩約5分
東淀川区,19,北江口第３住宅,Osaka Metro今里筋線 井高野駅,11,2,,,Osaka Metro今里筋線 井高野駅 徒歩約11分／阪急京都線 相川駅 徒歩約12分
東淀川区,20,北大桐住宅,Osaka Metro今里筋線 瑞光四丁目駅,9,1,,,Osaka Metro今里筋線 瑞光四丁目駅 徒歩約9分
東淀川区,21,小松住宅,Osaka Metro今里筋線 瑞光四丁目駅,6,2,,,Osaka Metro今里筋線 瑞光四丁目駅 徒歩約6分／阪急京都線 相川駅 徒歩約15分
東淀川区,22,小松南住宅,Osaka Metro今里筋線 瑞光四丁目駅,8,1,,,Osaka Metro今里筋線 瑞光四丁目駅 徒歩約8分
東淀川区,23,下新庄住宅,阪急千里線 下新庄駅,7,2,,,阪急千里線 下新庄駅 徒歩約7分／JRおおさか東線 JR淡路駅 徒歩約14分
東淀川区,24,下新庄４丁目住宅,阪急千里線 下新庄駅,5,2,,,阪急千里線 下新庄駅 徒歩約5分／JRおおさか東線 JR淡路駅 徒歩約13分
東淀川区,25,下新庄第２住宅,阪急千里線 下新庄駅,4,2,,,阪急千里線 下新庄駅 徒歩約4分／JRおおさか東線 JR淡路駅 徒歩約13分
東淀川区,26,菅原住宅,JRおおさか東線 JR淡路駅,3,2,,,JRおおさか東線 JR淡路駅 徒歩約3分／阪急京都線 淡路駅 徒歩約8分
東淀川区,27,菅原第２住宅,JRおおさか東線 JR淡路駅,8,2,,,JRおおさか東線 JR淡路駅 徒歩約8分／阪急京都線 淡路駅 徒歩約13分
東淀川区,28,菅原第３住宅,JRおおさか東線 JR淡路駅,14,2,,,JRおおさか東線 JR淡路駅 徒歩約14分／阪急京都線 淡路駅 徒歩約18分
東淀川区,29,瑞光住宅,Osaka Metro今里筋線 瑞光四丁目駅,10,1,,,Osaka Metro今里筋線 瑞光四丁目駅 徒歩約10分
東淀川区,30,瑞光寺住宅,阪急京都線 上新庄駅,6,2,,,阪急京都線 上新庄駅 徒歩約6分／Osaka Metro今里筋線 瑞光四丁目駅 徒歩約9分
東淀川区,31,瑞光第２住宅,Osaka Metro今里筋線 瑞光四丁目駅,3,1,,,Osaka Metro今里筋線 瑞光四丁目駅 徒歩約3分
東淀川区,32,崇禅寺住宅,阪急京都線 崇禅寺駅,6,2,,,阪急京都線 崇禅寺駅 徒歩約6分／阪急千里線 柴島駅 徒歩約10分
東淀川区,33,大桐住宅,Osaka Metro今里筋線 だいどう豊里駅,6,1,,,Osaka Metro今里筋線 だいどう豊里駅 徒歩約6分
東淀川区,34,大道南住宅,Osaka Metro今里筋線 だいどう豊里駅,9,1,,,Osaka Metro今里筋線 だいどう豊里駅 徒歩約9分
東淀川区,35,豊里住宅,Osaka Metro今里筋線 だいどう豊里駅,6,1,,,Osaka Metro今里筋線 だいどう豊里駅 徒歩約6分
東淀川区,36,豊里第２住宅,Osaka Metro今里筋線 だいどう豊里駅,5,1,,,Osaka Metro今里筋線 だいどう豊里駅 徒歩約5分
東淀川区,37,西淡路住宅,阪急京都線 淡路駅,13,2,,,阪急京都線 淡路駅 徒歩約13分／JRおおさか東線 JR淡路駅 徒歩約13分
東淀川区,38,西大道第３住宅,Osaka Metro今里筋線 だいどう豊里駅,9,2,,,Osaka Metro今里筋線 だいどう豊里駅 徒歩約9分／阪急京都線 上新庄駅 徒歩約13分
東淀川区,39,東淡路住宅,阪急京都線 淡路駅,9,2,,,阪急京都線 淡路駅 徒歩約9分／JRおおさか東線 JR淡路駅 徒歩約10分
東淀川区,40,東淡路第２住宅,阪急京都線 淡路駅,7,2,,,阪急京都線 淡路駅 徒歩約7分／JRおおさか東線 JR淡路駅 徒歩約13分
東淀川区,41,東淡路第３住宅,阪急京都線 淡路駅,3,2,,,阪急京都線 淡路駅 徒歩約3分／JRおおさか東線 JR淡路駅 徒歩約8分
東淀川区,42,東中島住宅,阪急京都線 崇禅寺駅,5,1,,,阪急京都線 崇禅寺駅 徒歩約5分
東淀川区,43,東中島北住宅,,,0,,,
東淀川区,44,日之出住宅,JR 新大阪駅,6,2,,,JR 新大阪駅 徒歩約6分／Osaka Metro御堂筋線 新大阪駅 徒歩約6分
東淀川区,45,日之出北住宅,JR 新大阪駅,7,2,,,JR 新大阪駅 徒歩約7分／Osaka Metro御堂筋線 新大阪駅 徒歩約7分
東淀川区,46,日之出第４住宅,JR 新大阪駅,6,2,,,JR 新大阪駅 徒歩約6分／Osaka Metro御堂筋線 新大阪駅 徒歩約6分
東淀川区,47,豊新住宅,阪急京都線 上新庄駅,8,2,,,阪急京都線 上新庄駅 徒歩約8分／Osaka Metro今里筋線 だいどう豊里駅 徒歩約11分
東淀川区,48,北陽住宅,JRおおさか東線 南吹田駅,11,2,,,JRおおさか東線 南吹田駅 徒歩約11分／阪急千里線 下新庄駅 徒歩約12分
東淀川区,49,北陽第２住宅,阪急京都線 淡路駅,11,2,,,阪急京都線 淡路駅 徒歩約11分／JR京都・神戸線 東淀川駅 徒歩約13分
東淀川区,50,南江口住宅,Osaka Metro今里筋線 井高野駅,7,1,,,Osaka Metro今里筋線 井高野駅 徒歩約7分
東淀川区,51,南江口第１住宅,Osaka Metro今里筋線 瑞光四丁目駅,8,1,,,Osaka Metro今里筋線 瑞光四丁目駅 徒歩約8分
東淀川区,52,南江口第２住宅,Osaka Metro今里筋線 瑞光四丁目駅,6,1,,,Osaka Metro今里筋線 瑞光四丁目駅 徒歩約6分
東淀川区,53,南江口第５住宅,Osaka Metro今里筋線 瑞光四丁目駅,11,1,,,Osaka Metro今里筋線 瑞光四丁目駅 徒歩約11分
東淀川区,54,南方住宅,阪急京都線 崇禅寺駅,6,2,,,阪急京都線 崇禅寺駅 徒歩約6分／阪急千里線 柴島駅 徒歩約8分
東淀川区,55,南大道第２住宅,Osaka Metro今里筋線 だいどう豊里駅,7,1,,,Osaka Metro今里筋線 だいどう豊里駅 徒歩約7分
東成区,1,西今里住宅,Osaka Metro 緑橋駅,4,1,,,Osaka Metro 緑橋駅 徒歩約4分
生野区,1,生野東住宅,JR大阪環状線 寺田町駅,14,2,,,JR大阪環状線 寺田町駅 徒歩約14分／JR大和路線 東部市場前駅 徒歩約16分
生野区,2,勝山南住宅,JR大阪環状線 桃谷駅,14,1,,,JR大阪環状線 桃谷駅 徒歩約14分
生野区,3,田島住宅,JR大和路線 東部市場前駅,17,1,,,JR大和路線 東部市場前駅 徒歩約17分
生野区,4,巽住宅,Osaka Metro千日前線 北巽駅,4,1,,,Osaka Metro千日前線 北巽駅 徒歩約4分
生野区,5,巽伊賀住宅,Osaka Metro千日前線 南巽駅,3,1,,,Osaka Metro千日前線 南巽駅 徒歩約3分
生野区,6,巽北住宅,Osaka Metro千日前線 北巽駅,5,1,,,Osaka Metro千日前線 北巽駅 徒歩約5分
旭区,1,赤川住宅,JRおおさか東線 城北公園通駅,8,1,大東町一停留所,5,JRおおさか東線 城北公園通駅 徒歩約8分／バス 大東町一停留所 徒歩約5分
旭区,2,赤川西住宅,JRおおさか東線 城北公園通駅,10,1,赤川三停留所,5,JRおおさか東線 城北公園通駅 徒歩約10分／バス 赤川三停留所 徒歩約5分
旭区,3,生江住宅,JRおおさか東線 城北公園通駅,12,1,生江停留所,2,JRおおさか東線 城北公園通駅 徒歩約12分／バス 生江停留所 徒歩約2分
旭区,4,今市住宅,Osaka Metro 太子橋今市駅,5,1,,,Osaka Metro 太子橋今市駅 徒歩約5分
旭区,5,大宮住宅,Osaka Metro 太子橋今市駅,6,1,,,Osaka Metro 太子橋今市駅 徒歩約6分
旭区,6,清水住宅,Osaka Metro今里筋線 清水駅,5,2,,,Osaka Metro今里筋線 清水駅 徒歩約5分／京阪本線 滝井駅 徒歩約10分
旭区,7,城北住宅,Osaka Metro 太子橋今市駅,11,1,,,Osaka Metro 太子橋今市駅 徒歩約11分
旭区,8,城北中宮住宅,JRおおさか東線 城北公園通駅,16,2,,,JRおおさか東線 城北公園通駅 徒歩約16分／Osaka Metro谷町線 千林大宮駅 徒歩約16分
旭区,9,新生江住宅,JRおおさか東線 城北公園通駅,11,1,生江停留所,2,JRおおさか東線 城北公園通駅 徒歩約11分／バス 生江停留所 徒歩約2分
旭区,10,新森住宅,Osaka Metro今里筋線 清水駅,10,1,,,Osaka Metro今里筋線 清水駅 徒歩約10分
旭区,11,太子橋住宅,Osaka Metro 太子橋今市駅,9,1,,,Osaka Metro 太子橋今市駅 徒歩約9分
旭区,12,高殿住宅,Osaka Metro谷町線 関目高殿駅,8,2,,,Osaka Metro谷町線 関目高殿駅 徒歩約8分／京阪本線 森小路駅 徒歩約10分
旭区,13,高殿北住宅,Osaka Metro谷町線 関目高殿駅,14,2,,,Osaka Metro谷町線 関目高殿駅 徒歩約14分／JRおおさか東線 城北公園通駅 徒歩約16分
旭区,14,高殿西住宅,Osaka Metro谷町線 関目高殿駅,8,2,,,Osaka Metro谷町線 関目高殿駅 徒歩約8分／JRおおさか東線 JR野江駅 徒歩約16分
旭区,15,高殿西第２住宅,JRおおさか東線 城北公園通駅,13,2,,,JRおおさか東線 城北公園通駅 徒歩約13分／Osaka Metro谷町線 関目高殿駅 徒歩約14分
旭区,16,高殿西第３住宅,JRおおさか東線 城北公園通駅,14,2,,,Osaka Metro谷町線 関目高殿駅 徒歩約15分／JRおおさか東線 城北公園通駅 徒歩約14分
旭区,17,高殿西第４住宅,JRおおさか東線 城北公園通駅,12,2,,,JRおおさか東線 城北公園通駅 徒歩約12分／Osaka Metro谷町線 関目高殿駅 徒歩約15分
旭区,18,高殿南住宅,Osaka Metro谷町線 関目高殿駅,8,2,,,Osaka Metro谷町線 関目高殿駅 徒歩約8分／JRおおさか東線 JR野江駅 徒歩約11分
旭区,19,中宮第２住宅,Osaka Metro谷町線 千林大宮駅,11,2,,,Osaka Metro谷町線 千林大宮駅 徒歩約11分／京阪本線 森小路駅 徒歩約12分
旭区,20,橋寺住宅,Osaka Metro谷町線 守口駅,9,2,,,Osaka Metro谷町線 守口駅 徒歩約9分／京阪本線 守口市駅 徒歩約12分
旭区,21,両国住宅,Osaka Metro今里筋線 清水駅,5,2,,,Osaka Metro今里筋線 清水駅 徒歩約5分／京阪本線 千林駅 徒歩約12分
城東区,1,今福北住宅,Osaka Metro長堀鶴見緑地線 今福鶴見駅,6,1,,,Osaka Metro長堀鶴見緑地線 今福鶴見駅 徒歩約6分
城東区,2,今福中住宅,Osaka Metro長堀鶴見緑地線 今福鶴見駅,9,1,,,Osaka Metro長堀鶴見緑地線 今福鶴見駅 徒歩約9分
城東区,3,今福中第２住宅,Osaka Metro長堀鶴見緑地線 今福鶴見駅,5,1,,,Osaka Metro長堀鶴見緑地線 今福鶴見駅 徒歩約5分
城東区,4,今福南住宅,Osaka Metro長堀鶴見緑地線 今福鶴見駅,9,1,,,Osaka Metro長堀鶴見緑地線 今福鶴見駅 徒歩約9分
城東区,5,今福南第２住宅,Osaka Metro長堀鶴見緑地線 今福鶴見駅,8,1,,,Osaka Metro長堀鶴見緑地線 今福鶴見駅 徒歩約8分
城東区,6,今福南第３住宅,Osaka Metro長堀鶴見緑地線 今福鶴見駅,8,1,,,Osaka Metro長堀鶴見緑地線 今福鶴見駅 徒歩約8分
城東区,7,鴫野住宅,JR東西・学研都市線 鴫野駅,5,2,,,JR東西・学研都市線 鴫野駅 徒歩約5分／Osaka Metro今里筋線 鴫野駅 徒歩約5分
城東区,8,鴫野第２住宅,JR東西・学研都市線 鴫野駅,7,2,,,JR東西・学研都市線 鴫野駅 徒歩約7分／Osaka Metro今里筋線 鴫野駅 徒歩約7分
城東区,9,鴫野西住宅,JR東西・学研都市線 鴫野駅,10,2,,,JR東西・学研都市線 鴫野駅 徒歩約10分／Osaka Metro今里筋線 鴫野駅 徒歩約10分
城東区,10,すみれ住宅,Osaka Metro長堀鶴見緑地線 今福鶴見駅,5,1,,,Osaka Metro長堀鶴見緑地線 今福鶴見駅 徒歩約5分
城東区,11,すみれ北住宅,Osaka Metro長堀鶴見緑地線 今福鶴見駅,10,2,,,Osaka Metro長堀鶴見緑地線 今福鶴見駅 徒歩約10分／Osaka Metro今里筋線 新森古市駅 徒歩約14分
城東区,12,諏訪住宅,Osaka Metro中央線 深江橋駅,10,2,,,Osaka Metro中央線 深江橋駅 徒歩約10分／JR 放出駅 徒歩約12分
城東区,13,関目住宅,京阪本線 関目駅,7,2,,,京阪本線 関目駅 徒歩約7分／Osaka Metro今里筋線 関目成育駅 徒歩約7分
城東区,14,中浜住宅,Osaka Metro 緑橋駅,6,2,,,Osaka Metro 緑橋駅 徒歩約6分／JR大阪環状線 森ノ宮駅 徒歩約8分
城東区,15,野江住宅,JR 京橋駅,10,2,,,JR 京橋駅 徒歩約10分／京阪本線 京橋駅 徒歩約10分
城東区,16,野江北住宅,JRおおさか東線 JR野江駅,6,2,,,JRおおさか東線 JR野江駅 徒歩約6分／京阪本線 野江駅 徒歩約8分
城東区,17,野江第２住宅,JR 京橋駅,8,2,,,JR 京橋駅 徒歩約8分／京阪本線 京橋駅 徒歩約8分
城東区,18,放出西住宅,JR 放出駅,8,1,,,JR 放出駅 徒歩約8分
城東区,19,古市住宅,京阪本線 関目駅,13,2,,,京阪本線 関目駅 徒歩約13分／Osaka Metro今里筋線 関目成育駅 徒歩約15分
城東区,20,古市北住宅,Osaka Metro今里筋線 新森古市駅,4,1,,,Osaka Metro今里筋線 新森古市駅 徒歩約4分
城東区,21,古市北第２住宅,Osaka Metro今里筋線 新森古市駅,5,2,,,Osaka Metro今里筋線 新森古市駅 徒歩約5分／京阪本線 関目駅 徒歩約12分
城東区,22,古市第２住宅,京阪本線 関目駅,13,2,,,京阪本線 関目駅 徒歩約13分／Osaka Metro今里筋線 関目成育駅 徒歩約13分
城東区,23,古市中第３住宅,京阪本線 関目駅,8,2,,,京阪本線 関目駅 徒歩約8分／Osaka Metro今里筋線 関目成育駅 徒歩約8分
城東区,24,古市東住宅,Osaka Metro今里筋線 新森古市駅,11,1,,,Osaka Metro今里筋線 新森古市駅 徒歩約11分
城東区,25,古市南住宅,Osaka Metro今里筋線 新森古市駅,12,2,,,Osaka Metro今里筋線 新森古市駅 徒歩約12分／京阪本線 関目駅 徒歩約14分
城東区,26,古市南第２住宅,Osaka Metro長堀鶴見緑地線 今福鶴見駅,8,1,,,Osaka Metro長堀鶴見緑地線 今福鶴見駅 徒歩約8分
城東区,27,古市南第３住宅,Osaka Metro長堀鶴見緑地線 今福鶴見駅,14,2,,,Osaka Metro長堀鶴見緑地線 今福鶴見駅 徒歩約14分／Osaka Metro今里筋線 新森古市駅 徒歩約14分
鶴見区,1,今津北住宅,JR 放出駅,17,1,,,JR 放出駅 徒歩約17分
鶴見区,2,今津中住宅,JR東西・学研都市線 徳庵駅,12,1,,,JR東西・学研都市線 徳庵駅 徒歩約12分
鶴見区,3,鶴見住宅,Osaka Metro長堀鶴見緑地線 今福鶴見駅,9,1,,,Osaka Metro長堀鶴見緑地線 今福鶴見駅 徒歩約9分
鶴見区,4,鶴見北住宅,Osaka Metro長堀鶴見緑地線 今福鶴見駅,11,1,,,Osaka Metro長堀鶴見緑地線 今福鶴見駅 徒歩約11分
鶴見区,5,鶴見第２住宅,Osaka Metro長堀鶴見緑地線 今福鶴見駅,12,1,,,Osaka Metro長堀鶴見緑地線 今福鶴見駅 徒歩約12分
鶴見区,6,徳庵住宅,JR東西・学研都市線 徳庵駅,12,1,,,JR東西・学研都市線 徳庵駅 徒歩約12分
鶴見区,7,中茶屋住宅,JR東西・学研都市線 徳庵駅,16,1,,,JR東西・学研都市線 徳庵駅 徒歩約16分
鶴見区,8,放出東住宅,JR 放出駅,6,1,,,JR 放出駅 徒歩約6分
鶴見区,9,茨田大宮住宅,Osaka Metro長堀鶴見緑地線 門真南駅,6,1,,,Osaka Metro長堀鶴見緑地線 門真南駅 徒歩約6分
鶴見区,10,茨田大宮第１住宅,Osaka Metro長堀鶴見緑地線 門真南駅,11,1,,,Osaka Metro長堀鶴見緑地線 門真南駅 徒歩約11分
鶴見区,11,茨田大宮第２住宅,Osaka Metro長堀鶴見緑地線 門真南駅,12,1,,,Osaka Metro長堀鶴見緑地線 門真南駅 徒歩約12分
鶴見区,12,茨田大宮第３住宅,Osaka Metro長堀鶴見緑地線 門真南駅,15,1,,,Osaka Metro長堀鶴見緑地線 門真南駅 徒歩約15分
鶴見区,13,茨田大宮西住宅,Osaka Metro長堀鶴見緑地線 門真南駅,12,1,,,Osaka Metro長堀鶴見緑地線 門真南駅 徒歩約12分
鶴見区,14,茨田南住宅,Osaka Metro長堀鶴見緑地線 横堤駅,11,2,,,Osaka Metro長堀鶴見緑地線 横堤駅 徒歩約11分／JR東西・学研都市線 徳庵駅 徒歩約14分
鶴見区,15,茨田諸口西住宅,Osaka Metro長堀鶴見緑地線 横堤駅,6,1,,,Osaka Metro長堀鶴見緑地線 横堤駅 徒歩約6分
鶴見区,16,茨田諸口東住宅,Osaka Metro長堀鶴見緑地線 横堤駅,17,2,,,Osaka Metro長堀鶴見緑地線 横堤駅 徒歩約17分／JR東西・学研都市線 徳庵駅 徒歩約18分
鶴見区,17,緑住宅,Osaka Metro今里筋線 新森古市駅,7,1,,,Osaka Metro今里筋線 新森古市駅 徒歩約7分
鶴見区,18,諸口住宅,Osaka Metro長堀鶴見緑地線 横堤駅,10,1,,,Osaka Metro長堀鶴見緑地線 横堤駅 徒歩約10分
鶴見区,19,諸口北住宅,Osaka Metro長堀鶴見緑地線 横堤駅,7,1,,,Osaka Metro長堀鶴見緑地線 横堤駅 徒歩約7分
鶴見区,20,諸口第２住宅,Osaka Metro長堀鶴見緑地線 鶴見緑地駅,5,1,,,Osaka Metro長堀鶴見緑地線 鶴見緑地駅 徒歩約5分
鶴見区,21,諸口南住宅,Osaka Metro長堀鶴見緑地線 横堤駅,13,2,,,Osaka Metro長堀鶴見緑地線 横堤駅 徒歩約13分／JR東西・学研都市線 徳庵駅 徒歩約13分
鶴見区,22,焼野住宅,Osaka Metro長堀鶴見緑地線 鶴見緑地駅,10,1,,,Osaka Metro長堀鶴見緑地線 鶴見緑地駅 徒歩約10分
鶴見区,23,横堤住宅,Osaka Metro長堀鶴見緑地線 横堤駅,3,1,,,Osaka Metro長堀鶴見緑地線 横堤駅 徒歩約3分
鶴見区,24,横堤北住宅,Osaka Metro長堀鶴見緑地線 横堤駅,6,1,,,Osaka Metro長堀鶴見緑地線 横堤駅 徒歩約6分
鶴見区,25,横堤第１住宅,Osaka Metro長堀鶴見緑地線 横堤駅,2,1,,,Osaka Metro長堀鶴見緑地線 横堤駅 徒歩約2分
鶴見区,26,横堤第２住宅,Osaka Metro長堀鶴見緑地線 横堤駅,5,1,,,Osaka Metro長堀鶴見緑地線 横堤駅 徒歩約5分
阿倍野区,1,阿倍野第１住宅,JR 天王寺駅,10,2,,,JR 天王寺駅 徒歩約10分／Osaka Metro 天王寺駅 徒歩約10分
阿倍野区,2,阿倍野第２住宅,Osaka Metro谷町線 阿倍野駅,6,2,,,Osaka Metro谷町線 阿倍野駅 徒歩約6分／阪堺阪堺線 今船駅 徒歩約7分
阿倍野区,3,阿倍野第３住宅,Osaka Metro谷町線 阿倍野駅,6,2,,,Osaka Metro谷町線 阿倍野駅 徒歩約6分／JR 天王寺駅 徒歩約8分
阿倍野区,4,阿倍野第４住宅,Osaka Metro谷町線 阿倍野駅,6,2,,,Osaka Metro谷町線 阿倍野駅 徒歩約6分／JR 天王寺駅 徒歩約10分
阿倍野区,5,北畠住宅,阪堺阪堺線 天神ノ森駅,2,2,,,阪堺阪堺線 天神ノ森駅 徒歩約2分／南海 岸里玉出駅 徒歩約8分
阿倍野区,6,北畠第１住宅,阪堺阪堺線 天神ノ森駅,3,2,,,阪堺阪堺線 天神ノ森駅 徒歩約3分／南海 岸里玉出駅 徒歩約8分
阿倍野区,7,北畠第２住宅,阪堺上町線 北畠駅,7,2,,,阪堺上町線 北畠駅 徒歩約7分／阪堺阪堺線 東玉出駅 徒歩約8分
阿倍野区,8,三明住宅,近鉄南大阪線 河堀口駅,7,2,,,近鉄南大阪線 河堀口駅 徒歩約7分／JR 天王寺駅 徒歩約8分
阿倍野区,9,高松住宅,JR大阪環状線 寺田町駅,6,2,,,JR大阪環状線 寺田町駅 徒歩約6分／近鉄南大阪線 河堀口駅 徒歩約10分
阿倍野区,10,帝塚山住宅,南海高野線 帝塚山駅,6,2,,,南海高野線 帝塚山駅 徒歩約6分／阪堺阪堺線 東玉出駅 徒歩約6分
阿倍野区,11,松崎第１住宅,近鉄南大阪線 大阪阿部野橋駅,4,2,,,近鉄南大阪線 大阪阿部野橋駅 徒歩約4分／Osaka Metro谷町線 阿倍野駅 徒歩約7分
阿倍野区,12,松崎第２住宅,近鉄南大阪線 大阪阿部野橋駅,6,2,,,近鉄南大阪線 大阪阿部野橋駅 徒歩約6分／Osaka Metro谷町線 阿倍野駅 徒歩約8分
住之江区,1,北加賀屋住宅,Osaka Metro四つ橋線 北加賀屋駅,2,1,,,Osaka Metro四つ橋線 北加賀屋駅 徒歩約2分
住之江区,2,北加賀屋第５住宅,Osaka Metro四つ橋線 北加賀屋駅,6,1,,,Osaka Metro四つ橋線 北加賀屋駅 徒歩約6分
住之江区,3,敷津浦住宅,Osaka Metro 住之江公園駅,9,2,,,Osaka Metro 住之江公園駅 徒歩約9分／南海本線 住ノ江駅 徒歩約13分
住之江区,4,敷津浦第２住宅,南海本線 住ノ江駅,8,2,,,南海本線 住ノ江駅 徒歩約8分／Osaka Metro 住之江公園駅 徒歩約14分
住之江区,5,柴谷住宅,Osaka Metro四つ橋線 北加賀屋駅,12,1,柴谷2丁目停留所,3,Osaka Metro四つ橋線 北加賀屋駅 徒歩約12分／バス 柴谷2丁目停留所 徒歩約3分
住之江区,6,新北島住宅,Osaka Metro 住之江公園駅,10,1,,,Osaka Metro 住之江公園駅 徒歩約10分
住之江区,7,新北島第２住宅,Osaka Metroニュートラム 平林駅,9,1,,,Osaka Metroニュートラム 平林駅 徒歩約9分
住之江区,8,住之江住宅,阪堺阪堺線 我孫子道駅,8,2,,,阪堺阪堺線 我孫子道駅 徒歩約8分／南海本線 住ノ江駅 徒歩約10分
住之江区,9,中加賀屋住宅,Osaka Metro四つ橋線 北加賀屋駅,3,1,,,Osaka Metro四つ橋線 北加賀屋駅 徒歩約3分
住之江区,10,南港住宅,Osaka Metroニュートラム 南港口駅,1,1,,,Osaka Metroニュートラム 南港口駅 徒歩約1分
住之江区,11,南港中住宅,Osaka Metroニュートラム 中ふ頭駅,4,2,,,Osaka Metroニュートラム 中ふ頭駅 徒歩約4分／Osaka Metroニュートラム ポートタウン東駅 徒歩約7分
住之江区,12,西住之江住宅,南海本線 住ノ江駅,9,2,,,南海本線 住ノ江駅 徒歩約9分／阪堺阪堺線 我孫子道駅 徒歩約9分
住之江区,13,東加賀屋住宅,Osaka Metro四つ橋線 北加賀屋駅,7,2,,,Osaka Metro四つ橋線 北加賀屋駅 徒歩約7分／南海本線 粉浜駅 徒歩約12分
住之江区,14,平林南住宅,Osaka Metroニュートラム 平林駅,3,1,,,Osaka Metroニュートラム 平林駅 徒歩約3分
住之江区,15,平林南第２住宅,Osaka Metroニュートラム 平林駅,6,1,,,Osaka Metroニュートラム 平林駅 徒歩約6分
住之江区,16,平林南第３住宅,Osaka Metroニュートラム 平林駅,8,1,,,Osaka Metroニュートラム 平林駅 徒歩約8分
住之江区,17,御崎住宅,Osaka Metro 住之江公園駅,9,1,,,Osaka Metro 住之江公園駅 徒歩約9分
住之江区,18,御崎第２住宅,Osaka Metro 住之江公園駅,9,1,,,Osaka Metro 住之江公園駅 徒歩約9分
住之江区,19,緑木住宅,Osaka Metro四つ橋線 北加賀屋駅,7,1,,,Osaka Metro四つ橋線 北加賀屋駅 徒歩約7分
住之江区,20,緑木第２住宅,Osaka Metro 住之江公園駅,10,1,,,Osaka Metro 住之江公園駅 徒歩約10分
住之江区,21,大和川住宅,南海本線 住ノ江駅,12,1,,,南海本線 住ノ江駅 徒歩約12分
住吉区,1,浅香住宅,JR阪和線 杉本町駅,9,1,,,JR阪和線 杉本町駅 徒歩約9分
住吉区,2,浅香第２住宅,Osaka Metro御堂筋線 あびこ駅,11,1,,,Osaka Metro御堂筋線 あびこ駅 徒歩約11分
住吉区,3,浅香第３住宅,JR阪和線 杉本町駅,11,1,,,JR阪和線 杉本町駅 徒歩約11分
住吉区,4,浅香中住宅,JR阪和線 杉本町駅,12,1,,,JR阪和線 杉本町駅 徒歩約12分
住吉区,5,浅香西住宅,JR阪和線 杉本町駅,8,1,,,JR阪和線 杉本町駅 徒歩約8分
住吉区,6,浅香南住宅,JR阪和線 杉本町駅,13,1,,,JR阪和線 杉本町駅 徒歩約13分
住吉区,7,我孫子住宅,JR阪和線 我孫子町駅,7,2,,,JR阪和線 我孫子町駅 徒歩約7分／Osaka Metro御堂筋線 あびこ駅 徒歩約11分
住吉区,8,我孫子第２住宅,JR阪和線 我孫子町駅,7,2,,,JR阪和線 我孫子町駅 徒歩約7分／Osaka Metro御堂筋線 あびこ駅 徒歩約10分
住吉区,9,我孫子第３住宅,JR阪和線 我孫子町駅,7,2,,,JR阪和線 我孫子町駅 徒歩約7分／Osaka Metro御堂筋線 長居駅 徒歩約11分
住吉区,10,我孫子西住宅,JR阪和線 我孫子町駅,8,2,,,JR阪和線 我孫子町駅 徒歩約8分／Osaka Metro御堂筋線 長居駅 徒歩約13分
住吉区,11,我孫子東第６住宅,JR阪和線 我孫子町駅,9,2,,,JR阪和線 我孫子町駅 徒歩約9分／Osaka Metro御堂筋線 長居駅 徒歩約9分
住吉区,12,我孫子東第７住宅,JR阪和線 我孫子町駅,7,2,,,JR阪和線 我孫子町駅 徒歩約7分／Osaka Metro御堂筋線 あびこ駅 徒歩約9分
住吉区,13,我孫子南住宅,Osaka Metro御堂筋線 あびこ駅,6,1,,,Osaka Metro御堂筋線 あびこ駅 徒歩約6分
住吉区,14,上住吉住宅,南海高野線 住吉東駅,7,1,,,南海高野線 住吉東駅 徒歩約7分
住吉区,15,遠里小野住宅,南海高野線 我孫子前駅,6,1,,,南海高野線 我孫子前駅 徒歩約6分
住吉区,16,遠里小野第２住宅,阪堺阪堺線 我孫子道駅,9,2,,,阪堺阪堺線 我孫子道駅 徒歩約9分／南海高野線 我孫子前駅 徒歩約11分
住吉区,17,苅田住宅,Osaka Metro御堂筋線 あびこ駅,5,1,,,Osaka Metro御堂筋線 あびこ駅 徒歩約5分
住吉区,18,苅田北住宅,Osaka Metro御堂筋線 あびこ駅,10,1,,,Osaka Metro御堂筋線 あびこ駅 徒歩約10分
住吉区,19,苅田南住宅,Osaka Metro御堂筋線 あびこ駅,7,1,,,Osaka Metro御堂筋線 あびこ駅 徒歩約7分
住吉区,20,清水丘住宅,阪堺阪堺線 我孫子道駅,7,1,,,阪堺阪堺線 我孫子道駅 徒歩約7分
住吉区,21,杉本住宅,Osaka Metro御堂筋線 あびこ駅,8,2,,,Osaka Metro御堂筋線 あびこ駅 徒歩約8分／JR阪和線 杉本町駅 徒歩約9分
住吉区,22,墨江住宅,南海高野線 沢ノ町駅,3,2,,,南海高野線 沢ノ町駅 徒歩約3分／阪堺阪堺線 安立町駅 徒歩約9分
住吉区,23,住吉住宅,南海高野線 住吉東駅,3,2,,,南海高野線 住吉東駅 徒歩約3分／阪堺上町線 神ノ木駅 徒歩約4分
住吉区,24,千躰住宅,南海高野線 沢ノ町駅,5,2,,,南海高野線 沢ノ町駅 徒歩約5分／阪堺阪堺線 安立町駅 徒歩約11分
住吉区,25,大領住宅,JR阪和線 長居駅,11,2,,,JR阪和線 長居駅 徒歩約11分／南海高野線 住吉東駅 徒歩約11分
住吉区,26,大領北住宅,阪堺上町線 帝塚山四丁目駅,10,2,,,阪堺上町線 帝塚山四丁目駅 徒歩約10分／阪堺上町線 神ノ木駅 徒歩約12分
住吉区,27,大領東住宅,JR阪和線 長居駅,8,2,,,JR阪和線 長居駅 徒歩約8分／Osaka Metro御堂筋線 長居駅 徒歩約10分
住吉区,28,鶴ケ丘住宅,JR阪和線 長居駅,7,2,,,JR阪和線 長居駅 徒歩約7分／Osaka Metro御堂筋線 長居駅 徒歩約9分
住吉区,29,長居住宅,JR阪和線 長居駅,6,2,,,JR阪和線 長居駅 徒歩約6分／Osaka Metro御堂筋線 長居駅 徒歩約8分
住吉区,30,長居１丁目住宅,JR阪和線 長居駅,6,2,,,JR阪和線 長居駅 徒歩約6分／Osaka Metro御堂筋線 長居駅 徒歩約8分
住吉区,31,長居第２住宅,Osaka Metro御堂筋線 長居駅,9,2,,,Osaka Metro御堂筋線 長居駅 徒歩約9分／JR阪和線 長居駅 徒歩約11分
住吉区,32,長居西住宅,JR阪和線 長居駅,8,2,,,JR阪和線 長居駅 徒歩約8分／Osaka Metro御堂筋線 長居駅 徒歩約10分
住吉区,33,長居西第２住宅,JR阪和線 長居駅,10,2,,,JR阪和線 長居駅 徒歩約10分／Osaka Metro御堂筋線 長居駅 徒歩約12分
住吉区,34,万代住宅,阪堺上町線 姫松駅,7,2,,,阪堺上町線 姫松駅 徒歩約7分／南海高野線 帝塚山駅 徒歩約10分
住吉区,35,東長居住宅,Osaka Metro御堂筋線 長居駅,10,2,,,Osaka Metro御堂筋線 長居駅 徒歩約10分／JR阪和線 長居駅 徒歩約12分
住吉区,36,東長居第２住宅,Osaka Metro御堂筋線 長居駅,7,2,,,Osaka Metro御堂筋線 長居駅 徒歩約7分／JR阪和線 長居駅 徒歩約9分
住吉区,37,南住吉第１住宅,JR阪和線 我孫子町駅,7,2,,,JR阪和線 我孫子町駅 徒歩約7分／南海高野線 我孫子前駅 徒歩約8分
住吉区,38,南住吉第４住宅,JR阪和線 我孫子町駅,9,2,,,JR阪和線 我孫子町駅 徒歩約9分／南海高野線 沢ノ町駅 徒歩約12分
住吉区,39,南住吉第５住宅,南海高野線 沢ノ町駅,12,2,,,南海高野線 沢ノ町駅 徒歩約12分／JR阪和線 我孫子町駅 徒歩約13分
住吉区,40,南住吉第６住宅,南海高野線 沢ノ町駅,10,2,,,南海高野線 沢ノ町駅 徒歩約10分／JR阪和線 我孫子町駅 徒歩約12分
住吉区,41,南住吉第７住宅,南海高野線 沢ノ町駅,10,2,,,南海高野線 沢ノ町駅 徒歩約10分／JR阪和線 我孫子町駅 徒歩約15分
住吉区,42,南住吉第８住宅,南海高野線 沢ノ町駅,10,2,,,南海高野線 沢ノ町駅 徒歩約10分／JR阪和線 長居駅 徒歩約15分
住吉区,43,南住吉第９住宅,南海高野線 住吉東駅,8,2,,,南海高野線 住吉東駅 徒歩約8分／JR阪和線 長居駅 徒歩約13分
住吉区,44,山之内住宅,JR阪和線 杉本町駅,6,1,,,JR阪和線 杉本町駅 徒歩約6分
住吉区,45,山之内北住宅,JR阪和線 我孫子町駅,4,2,,,JR阪和線 我孫子町駅 徒歩約4分／南海高野線 我孫子前駅 徒歩約10分
東住吉区,1,公園南矢田住宅,Osaka Metro御堂筋線 あびこ駅,13,1,,,Osaka Metro御堂筋線 あびこ駅 徒歩約13分
東住吉区,2,住道矢田住宅,近鉄南大阪線 矢田駅,9,1,,,近鉄南大阪線 矢田駅 徒歩約9分
東住吉区,3,長居東住宅,近鉄南大阪線 矢田駅,10,1,,,近鉄南大阪線 矢田駅 徒歩約10分
東住吉区,4,南田辺住宅,近鉄南大阪線 針中野駅,10,2,,,近鉄南大阪線 針中野駅 徒歩約10分／JR阪和線 鶴ケ丘駅 徒歩約11分
東住吉区,5,矢田住宅,近鉄南大阪線 矢田駅,10,1,,,近鉄南大阪線 矢田駅 徒歩約10分
東住吉区,6,矢田北住宅,近鉄南大阪線 矢田駅,7,1,,,近鉄南大阪線 矢田駅 徒歩約7分
東住吉区,7,矢田住道第２住宅,近鉄南大阪線 矢田駅,12,1,,,近鉄南大阪線 矢田駅 徒歩約12分
東住吉区,8,矢田住道西住宅,近鉄南大阪線 矢田駅,6,1,,,近鉄南大阪線 矢田駅 徒歩約6分
東住吉区,9,矢田中住宅,近鉄南大阪線 矢田駅,9,1,,,近鉄南大阪線 矢田駅 徒歩約9分
東住吉区,10,矢田部住宅,近鉄南大阪線 矢田駅,9,1,,,近鉄南大阪線 矢田駅 徒歩約9分
平野区,1,瓜破２丁目住宅,Osaka Metro谷町線 喜連瓜破駅,6,1,,,Osaka Metro谷町線 喜連瓜破駅 徒歩約6分
平野区,2,瓜破西住宅,Osaka Metro谷町線 喜連瓜破駅,9,1,,,Osaka Metro谷町線 喜連瓜破駅 徒歩約9分
平野区,3,瓜破西第２住宅,Osaka Metro谷町線 喜連瓜破駅,10,1,,,Osaka Metro谷町線 喜連瓜破駅 徒歩約10分
平野区,4,瓜破東住宅,Osaka Metro谷町線 出戸駅,9,1,,,Osaka Metro谷町線 出戸駅 徒歩約9分
平野区,5,瓜破東１丁目住宅,Osaka Metro谷町線 喜連瓜破駅,9,1,,,Osaka Metro谷町線 喜連瓜破駅 徒歩約9分
平野区,6,瓜破東８丁目住宅,Osaka Metro谷町線 出戸駅,17,1,瓜破東8丁目停留所,1,Osaka Metro谷町線 出戸駅 徒歩約17分／バス 瓜破東8丁目停留所 徒歩約1分
平野区,7,瓜破東第１住宅,Osaka Metro谷町線 喜連瓜破駅,9,1,,,Osaka Metro谷町線 喜連瓜破駅 徒歩約9分
平野区,8,瓜破東第２住宅,Osaka Metro谷町線 出戸駅,6,1,,,Osaka Metro谷町線 出戸駅 徒歩約6分
平野区,9,加美北住宅,JRおおさか東線 衣摺加美北駅,7,1,,,JRおおさか東線 衣摺加美北駅 徒歩約7分
平野区,10,加美北第２住宅,JRおおさか東線 衣摺加美北駅,9,1,,,JRおおさか東線 衣摺加美北駅 徒歩約9分
平野区,11,加美北第３住宅,JRおおさか東線 衣摺加美北駅,8,1,,,JRおおさか東線 衣摺加美北駅 徒歩約8分
平野区,12,加美正覚寺住宅,JR大和路線 平野駅,9,1,,,JR大和路線 平野駅 徒歩約9分
平野区,13,加美正覚寺東住宅,JRおおさか東線 新加美駅,11,1,,,JRおおさか東線 新加美駅 徒歩約11分
平野区,14,加美神明第２住宅,JRおおさか東線 新加美駅,7,1,,,JRおおさか東線 新加美駅 徒歩約7分
平野区,15,加美長沢住宅,JRおおさか東線 衣摺加美北駅,7,1,,,JRおおさか東線 衣摺加美北駅 徒歩約7分
平野区,16,加美長沢第３住宅,JRおおさか東線 衣摺加美北駅,10,1,,,JRおおさか東線 衣摺加美北駅 徒歩約10分
平野区,17,加美東第１住宅,JRおおさか東線 新加美駅,13,1,,,JRおおさか東線 新加美駅 徒歩約13分
平野区,18,加美東第２住宅,JRおおさか東線 新加美駅,12,1,,,JRおおさか東線 新加美駅 徒歩約12分
平野区,19,加美南住宅,JR大和路線 加美駅,7,1,,,JR大和路線 加美駅 徒歩約7分
平野区,20,北喜連住宅,Osaka Metro谷町線 平野駅,13,1,,,Osaka Metro谷町線 平野駅 徒歩約13分
平野区,21,喜連住宅,Osaka Metro谷町線 喜連瓜破駅,9,1,,,Osaka Metro谷町線 喜連瓜破駅 徒歩約9分
平野区,22,喜連北池住宅,Osaka Metro谷町線 出戸駅,16,1,,,Osaka Metro谷町線 出戸駅 徒歩約16分
平野区,23,喜連第２住宅,Osaka Metro谷町線 喜連瓜破駅,4,1,,,Osaka Metro谷町線 喜連瓜破駅 徒歩約4分
平野区,24,喜連第３住宅,Osaka Metro谷町線 出戸駅,10,1,,,Osaka Metro谷町線 出戸駅 徒歩約10分
平野区,25,長吉住宅,Osaka Metro谷町線 長原駅,5,1,,,Osaka Metro谷町線 長原駅 徒歩約5分
平野区,26,長吉川辺住宅,Osaka Metro谷町線 八尾南駅,7,1,,,Osaka Metro谷町線 八尾南駅 徒歩約7分
平野区,27,長吉第２住宅,Osaka Metro谷町線 出戸駅,12,1,,,Osaka Metro谷町線 出戸駅 徒歩約12分
平野区,28,長吉出戸第２住宅,Osaka Metro谷町線 出戸駅,16,1,,,Osaka Metro谷町線 出戸駅 徒歩約16分
平野区,29,長吉出戸西住宅,Osaka Metro谷町線 出戸駅,12,1,,,Osaka Metro谷町線 出戸駅 徒歩約12分
平野区,30,長吉出戸南第１住宅,Osaka Metro谷町線 長原駅,11,1,,,Osaka Metro谷町線 長原駅 徒歩約11分
平野区,31,長吉長原住宅,Osaka Metro谷町線 長原駅,10,1,,,Osaka Metro谷町線 長原駅 徒歩約10分
平野区,32,長吉長原西住宅,Osaka Metro谷町線 長原駅,10,1,,,Osaka Metro谷町線 長原駅 徒歩約10分
平野区,33,長吉長原西第２住宅,Osaka Metro谷町線 長原駅,10,1,,,Osaka Metro谷町線 長原駅 徒歩約10分
平野区,34,長吉長原西第３住宅,Osaka Metro谷町線 長原駅,17,1,,,Osaka Metro谷町線 長原駅 徒歩約17分
平野区,35,長吉長原東住宅,Osaka Metro谷町線 長原駅,10,1,,,Osaka Metro谷町線 長原駅 徒歩約10分
平野区,36,長吉長原東第４住宅,Osaka Metro谷町線 長原駅,8,1,,,Osaka Metro谷町線 長原駅 徒歩約8分
平野区,37,長吉六反北住宅,Osaka Metro谷町線 長原駅,22,1,,,Osaka Metro谷町線 長原駅 徒歩約22分
平野区,38,長吉六反第１住宅,Osaka Metro谷町線 長原駅,17,1,,,Osaka Metro谷町線 長原駅 徒歩約17分
平野区,39,長吉六反東住宅,Osaka Metro谷町線 長原駅,16,1,,,Osaka Metro谷町線 長原駅 徒歩約16分
平野区,40,長吉六反東第１住宅,Osaka Metro谷町線 長原駅,18,1,,,Osaka Metro谷町線 長原駅 徒歩約18分
平野区,41,西喜連第３住宅,Osaka Metro谷町線 喜連瓜破駅,16,1,,,Osaka Metro谷町線 喜連瓜破駅 徒歩約16分
平野区,42,西喜連第４住宅,Osaka Metro谷町線 平野駅,17,1,,,Osaka Metro谷町線 平野駅 徒歩約17分
平野区,43,西喜連第５住宅,Osaka Metro谷町線 喜連瓜破駅,12,1,,,Osaka Metro谷町線 喜連瓜破駅 徒歩約12分
平野区,44,東喜連住宅,Osaka Metro谷町線 出戸駅,8,1,,,Osaka Metro谷町線 出戸駅 徒歩約8分
平野区,45,東喜連第２住宅,Osaka Metro谷町線 出戸駅,9,1,,,Osaka Metro谷町線 出戸駅 徒歩約9分
平野区,46,東喜連第３住宅,Osaka Metro谷町線 出戸駅,10,1,,,Osaka Metro谷町線 出戸駅 徒歩約10分
平野区,47,東喜連第４住宅,Osaka Metro谷町線 出戸駅,5,1,,,Osaka Metro谷町線 出戸駅 徒歩約5分
平野区,48,東喜連第５住宅,Osaka Metro谷町線 出戸駅,6,1,,,Osaka Metro谷町線 出戸駅 徒歩約6分
平野区,49,平野市町住宅,JR大和路線 加美駅,12,1,,,JR大和路線 加美駅 徒歩約12分
平野区,50,平野東住宅,Osaka Metro谷町線 平野駅,16,1,,,Osaka Metro谷町線 平野駅 徒歩約16分
西成区,1,天津橋住宅,Osaka Metro四つ橋線 北加賀屋駅,19,1,南津守停留所,7,Osaka Metro四つ橋線 北加賀屋駅 徒歩約19分／バス 南津守停留所 徒歩約7分
西成区,2,岸之里住宅,南海 岸里玉出駅,3,2,,,南海 岸里玉出駅 徒歩約3分／阪堺阪堺線 天神ノ森駅 徒歩約5分
西成区,3,北津守住宅,南海汐見橋線 木津川駅,2,2,,,南海汐見橋線 木津川駅 徒歩約2分／JR大阪環状線 芦原橋駅 徒歩約11分
西成区,4,北津守第３住宅,南海汐見橋線 木津川駅,9,2,,,南海汐見橋線 木津川駅 徒歩約9分／JR大阪環状線 芦原橋駅 徒歩約18分
西成区,5,北開住宅,JR 今宮駅,3,1,,,JR 今宮駅 徒歩約3分
西成区,6,千本住宅,Osaka Metro四つ橋線 岸里駅,5,2,,,Osaka Metro四つ橋線 岸里駅 徒歩約5分／南海 岸里玉出駅 徒歩約9分
西成区,7,千本中住宅,Osaka Metro四つ橋線 岸里駅,11,2,,,Osaka Metro四つ橋線 岸里駅 徒歩約11分／南海 岸里玉出駅 徒歩約13分
西成区,8,津守住宅,南海汐見橋線 木津川駅,5,2,,,南海汐見橋線 木津川駅 徒歩約5分／JR大阪環状線 芦原橋駅 徒歩約15分
西成区,9,津守第３住宅,南海汐見橋線 津守駅,5,1,,,南海汐見橋線 津守駅 徒歩約5分
西成区,10,出城第１住宅,JR 今宮駅,11,2,,,JR 今宮駅 徒歩約11分／南海汐見橋線 木津川駅 徒歩約13分
西成区,11,出城第２住宅,JR 今宮駅,9,2,,,JR 今宮駅 徒歩約9分／南海汐見橋線 木津川駅 徒歩約14分
西成区,12,出城第３住宅,JR 今宮駅,10,2,,,JR 今宮駅 徒歩約10分／南海汐見橋線 木津川駅 徒歩約13分
西成区,13,出城通第４住宅,JR 今宮駅,12,2,,,JR 今宮駅 徒歩約12分／南海汐見橋線 津守駅 徒歩約13分
西成区,14,出城通第５住宅,JR 今宮駅,11,2,,,JR 今宮駅 徒歩約11分／南海汐見橋線 津守駅 徒歩約12分
西成区,15,出城西住宅,南海汐見橋線 津守駅,11,2,,,南海汐見橋線 津守駅 徒歩約11分／JR 今宮駅 徒歩約14分
西成区,16,出城東住宅,JR 今宮駅,8,2,,,JR 今宮駅 徒歩約8分／Osaka Metro四つ橋線 花園町駅 徒歩約14分
西成区,17,出城東第２住宅,JR 今宮駅,7,2,,,JR 今宮駅 徒歩約7分／南海 新今宮駅 徒歩約10分
西成区,18,中津守住宅,南海汐見橋線 西天下茶屋駅,9,2,,,南海汐見橋線 西天下茶屋駅 徒歩約9分／Osaka Metro四つ橋線 岸里駅 徒歩約16分
西成区,19,中開住宅,JR 今宮駅,10,2,,,JR 今宮駅 徒歩約10分／南海汐見橋線 木津川駅 徒歩約10分
西成区,20,中開東住宅,JR 今宮駅,5,2,,,JR 今宮駅 徒歩約5分／Osaka Metro 大国町駅 徒歩約11分
西成区,21,長橋第１住宅,JR 今宮駅,9,2,,,JR 今宮駅 徒歩約9分／Osaka Metro四つ橋線 花園町駅 徒歩約11分
西成区,22,長橋第３住宅,JR 今宮駅,12,2,,,JR 今宮駅 徒歩約12分／南海汐見橋線 津守駅 徒歩約12分
西成区,23,長橋第４住宅,Osaka Metro四つ橋線 花園町駅,8,2,,,Osaka Metro四つ橋線 花園町駅 徒歩約8分／南海 新今宮駅 徒歩約10分
西成区,24,長橋第５住宅,Osaka Metro四つ橋線 花園町駅,9,2,,,Osaka Metro四つ橋線 花園町駅 徒歩約9分／南海 新今宮駅 徒歩約11分
西成区,25,長橋第６住宅,JR 今宮駅,11,2,,,JR 今宮駅 徒歩約11分／Osaka Metro四つ橋線 花園町駅 徒歩約13分
西成区,26,長橋通住宅,南海汐見橋線 津守駅,11,2,,,南海汐見橋線 津守駅 徒歩約11分／JR 今宮駅 徒歩約13分
西成区,27,萩之茶屋北住宅,南海高野線 萩ノ茶屋駅,3,2,,,南海高野線 萩ノ茶屋駅 徒歩約3分／JR 新今宮駅 徒歩約4分
西成区,28,ひらき住宅,JR 今宮駅,9,2,,,JR 今宮駅 徒歩約9分／南海汐見橋線 木津川駅 徒歩約11分
西成区,29,ひらき西住宅,JR 今宮駅,10,2,,,JR 今宮駅 徒歩約10分／南海汐見橋線 木津川駅 徒歩約11分
西成区,30,松住宅,Osaka Metro四つ橋線 花園町駅,8,2,,,Osaka Metro四つ橋線 花園町駅 徒歩約8分／南海 天下茶屋駅 徒歩約8分
西成区,31,松之宮住宅,Osaka Metro四つ橋線 花園町駅,11,2,,,Osaka Metro四つ橋線 花園町駅 徒歩約11分／南海汐見橋線 津守駅 徒歩約11分
西成区,32,南津守住宅,Osaka Metro四つ橋線 玉出駅,11,2,,,Osaka Metro四つ橋線 玉出駅 徒歩約11分／南海 岸里玉出駅 徒歩約13分
西成区,33,南津守第１住宅,Osaka Metro四つ橋線 岸里駅,17,2,,,Osaka Metro四つ橋線 岸里駅 徒歩約17分／南海汐見橋線 西天下茶屋駅 徒歩約18分
西成区,34,南津守第２住宅,Osaka Metro四つ橋線 北加賀屋駅,12,2,,,Osaka Metro四つ橋線 北加賀屋駅 徒歩約12分／南海 岸里玉出駅 徒歩約15分
西成区,35,南津守第３住宅,南海汐見橋線 西天下茶屋駅,7,2,,,南海汐見橋線 西天下茶屋駅 徒歩約7分／南海 天下茶屋駅 徒歩約16分
西成区,36,南津守第４住宅,Osaka Metro四つ橋線 岸里駅,17,2,,,Osaka Metro四つ橋線 岸里駅 徒歩約17分／南海汐見橋線 西天下茶屋駅 徒歩約18分
西成区,37,南開第１住宅,南海汐見橋線 木津川駅,11,2,,,南海汐見橋線 木津川駅 徒歩約11分／JR 今宮駅 徒歩約12分
